H,HS,T,RH,CC
1,0,-6.9,82,0
2,0,-7,79,0
3,0,-6.9,75,0
4,0,-7.1,74,0
5,0,-7,71,0
6,0,-6.8,69,0
7,-2.48,-6.6,67,13
8,7.74,-6.4,65,34
9,16.7,-3.7,54,43
10,23.89,0.8,41,28
11,28.65,4.5,30,1
12,30.4,6.8,25,0
13,28.86,8.3,22,0
14,24.27,9.1,21,0
15,17.21,8.7,22,0
16,8.35,7.8,26,0
17,-1.76,5.4,33,0
18,0,1.3,44,0
19,0,-2.2,53,0
20,0,-3.6,55,0
21,0,-3.9,52,0
22,0,-4.1,51,0
23,0,-4.4,49,0
0,0,-4.6,48,0
1,0,-4.7,46,0
2,0,-4.8,45,0
3,0,-4.7,44,0
4,0,-4.7,43,0
5,0,-5,43,0
6,0,-5.2,44,0
7,-2.44,-5.4,44,0
8,7.81,-5.6,44,0
9,16.79,-3.2,40,0
10,24,1.2,33,0
11,28.8,4.6,25,0
12,30.57,6.3,21,0
13,29.05,7.1,20,0
14,24.46,7.5,20,0
15,17.41,7.2,22,0
16,8.54,5.7,29,0
17,-1.58,3.3,35,0
18,0,0.8,42,0
19,0,-0.4,46,29
20,0,-1.8,50,31
21,0,-2.5,53,36
22,0,-2.9,54,40
23,0,-2.7,52,58
0,0,-2.6,51,73
1,0,-2.3,50,81
2,0,-2.9,52,83
3,0,-3.5,53,67
4,0,-4.6,56,39
5,0,-5.2,57,31
6,0,-5.8,58,33
7,-2.39,-6.5,59,11
8,7.88,-7.2,60,0
9,16.88,-4.7,54,0
10,24.13,0.7,39,0
11,28.96,3.6,31,0
12,30.75,5.3,29,1
13,29.24,6.6,28,13
14,24.66,7.3,28,27
15,17.6,7.6,27,29
16,8.73,6.4,35,30
17,-1.4,4.5,43,29
18,0,3,47,27
19,0,-1.4,61,25
20,0,-2.7,62,25
21,0,-2.9,56,21
22,0,-2.9,47,14
23,0,-3.3,42,14
0,0,-3.9,38,14
1,0,-4.8,35,17
2,0,-5.8,32,19
3,0,-5.5,28,7
4,0,-5.2,24,1
5,0,-6,24,0
6,0,-6.6,24,0
7,-2.33,-7.1,25,15
8,7.96,-7.4,25,13
9,16.99,-6.8,25,11
10,24.26,-5.4,21,1
11,29.12,-4.3,20,1
12,30.94,-3.4,19,1
13,29.44,-2.5,18,12
14,24.86,-2,18,0
15,17.8,-1.6,18,0
16,8.92,-1.8,18,23
17,-1.22,-3,22,29
18,0,-4.5,23,33
19,0,-5.4,24,29
20,0,-5.9,24,32
21,0,-6,24,51
22,0,-5.8,24,60
23,0,-5.8,24,70
0,0,-5.9,24,79
1,0,-5.9,24,86
2,0,-5.9,23,88
3,0,-6,22,84
4,0,-6.9,22,33
5,0,-7.8,23,3
6,0,-8.5,23,0
7,-2.28,-8.9,22,0
8,8.04,-9,21,0
9,17.1,-6.9,22,0
10,24.4,-3.2,17,0
11,29.29,-0.5,13,0
12,31.13,1.4,11,0
13,29.65,2.6,10,0
14,25.07,3.4,10,0
15,18,3.8,9,0
16,9.11,3.4,11,0
17,-1.03,2,16,0
18,0,-1.2,20,2
19,0,-4.4,24,4
20,0,-5.9,26,9
21,0,-6.1,23,24
22,0,-6.2,20,37
23,0,-6.1,18,35
0,0,-6,17,25
1,0,-5.9,16,8
2,0,-5.9,15,0
3,0,-5.7,14,0
4,0,-5.7,13,0
5,0,-5.9,13,0
6,0,-6.1,12,0
7,-2.21,-6.3,12,0
8,8.14,-6.4,12,0
9,17.21,-4.3,14,0
10,24.55,-0.7,13,0
11,29.46,2.4,11,0
12,31.33,4.5,9,0
13,29.86,5.8,9,0
14,25.29,6.6,8,0
15,18.21,7.1,9,0
16,9.31,6.4,13,0
17,-0.84,4.1,19,0
18,0,1,23,0
19,0,-2.1,28,13
20,0,-4.3,32,29
21,0,-4.8,33,28
22,0,-5.1,31,23
23,0,-5.3,29,3
0,0,-5.7,28,1
1,0,-5.9,28,13
2,0,-5.9,27,30
3,0,-5.5,26,30
4,0,-5.3,26,30
5,0,-5.3,26,30
6,0,-5,25,29
7,-2.14,-5,26,30
8,8.23,-5.2,27,29
9,17.34,-3,28,29
10,24.7,1.3,24,29
11,29.64,4,18,29
12,31.54,5.3,16,28
13,30.08,5.6,16,28
14,25.51,5.6,17,25
15,18.42,5,17,10
16,9.51,4.1,20,2
17,-0.65,2.4,25,0
18,0,0.3,29,0
19,0,0.4,29,0
20,0,-0.2,30,0
21,0,-2.6,35,0
22,0,-3.7,38,1
23,0,-4.5,40,8
0,0,-4.9,41,34
1,0,-4.4,40,62
2,0,-3.8,38,78
3,0,-3,37,79
4,0,-2.9,37,84
5,0,-2.7,37,83
6,0,-2.2,36,71
7,-2.06,-0.5,30,50
8,8.34,-1.5,33,47
9,17.47,-0.5,34,35
10,24.86,0.8,25,32
11,29.83,1.8,22,23
12,31.75,2.6,21,33
13,30.31,3,21,44
14,25.73,3.2,22,66
15,18.64,2.9,22,68
16,9.72,2.5,24,58
17,-0.46,1.3,30,51
18,0,-0.2,33,46
19,0,-1.1,35,52
20,0,-0.7,35,51
21,0,-2.1,39,37
22,0,-3.7,44,29
23,0,-4.3,47,38
0,0,-4.9,50,41
1,0,-5.2,51,39
2,0,-5.5,52,38
3,0,-5.3,53,40
4,0,-5.3,54,32
5,0,-5.3,55,23
6,0,-4,46,17
7,-1.98,-1.5,35,1
8,8.44,-1.8,35,0
9,17.6,-1.1,35,0
10,25.02,0.7,26,0
11,30.03,2,24,0
12,31.97,3,23,0
13,30.53,3.8,21,0
14,25.96,4.3,20,0
15,18.86,4.7,16,0
16,9.93,4.4,16,0
17,-0.26,2.9,20,0
18,0,0.4,22,0
19,0,-1.7,24,0
20,0,-2.7,24,0
21,0,-3,22,0
22,0,-3.1,21,0
23,0,-3,19,0
0,0,-2.9,19,0
1,0,-2.8,18,0
2,0,-2.6,18,0
3,0,-2.5,19,0
4,0,-2.4,18,0
5,0,-2.5,18,0
6,0,-2.7,18,0
7,-1.89,-3,18,0
8,8.56,-3.1,18,0
9,17.74,-1.6,18,0
10,25.19,1,16,0
11,30.23,3.3,14,0
12,32.19,5.1,13,0
13,30.77,6.3,12,0
14,26.19,7,12,0
15,19.08,7.3,12,0
16,10.14,6.8,15,0
17,-0.06,5.1,18,0
18,0,2.4,19,0
19,0,0.7,20,0
20,0,-0.1,20,0
21,0,-0.7,21,0
22,0,-1.3,22,0
23,0,-1.5,22,0
0,0,-1.7,22,0
1,0,-1.7,22,0
2,0,-1.7,22,0
3,0,-1.2,22,0
4,0,-1.1,23,0
5,0,-1.1,24,0
6,0,-1.1,24,0
7,-1.8,-1.2,25,0
8,8.68,-1.1,25,0
9,17.89,1.1,25,0
10,25.37,4.5,21,0
11,30.44,7.3,18,0
12,32.42,9.3,16,0
13,31.01,10.5,15,0
14,26.43,11.2,14,0
15,19.31,11.7,14,0
16,10.35,11.2,17,0
17,0.14,9.3,22,0
18,0,4.8,29,0
19,0,1.6,33,0
20,0,-0.1,35,0
21,0,-1.3,37,0
22,0,-2.2,39,0
23,0,-2.8,40,0
0,0,-3.2,41,0
1,0,-3.5,41,0
2,0,-3.6,41,0
3,0,-3.4,39,0
4,0,-3.5,39,0
5,0,-3.6,40,0
6,0,-3.8,39,0
7,-1.7,-3.9,39,0
8,8.81,-4,40,0
9,18.04,-1.2,38,0
10,25.56,4.1,31,0
11,30.65,7,21,0
12,32.66,7.9,20,0
13,31.26,8.5,21,0
14,26.67,8.6,22,0
15,19.54,8.4,23,0
16,10.57,7.7,25,0
17,0.34,6.2,33,0
18,0,3.9,39,0
19,0,4,36,0
20,0,2.1,41,0
21,0,-0.9,50,0
22,0,-2.6,57,0
23,0,-3.8,64,0
0,0,-4.4,68,0
1,0,-4.9,72,0
2,0,-5.1,74,0
3,0,-5.3,76,0
4,0,-5.5,78,0
5,0,-5.6,78,0
6,0,-5.7,78,0
7,-1.59,-5.7,77,0
8,8.94,-5.5,75,0
9,18.2,-1,59,0
10,25.75,2.4,40,0
11,30.87,4.3,37,0
12,32.9,5.6,35,8
13,31.51,6.4,35,26
14,26.92,6.8,35,30
15,19.77,6.3,36,30
16,10.79,5,41,30
17,0.55,3.4,48,28
18,0,1.8,54,27
19,0,0,62,33
20,0,-0.9,66,55
21,0,-1.2,68,25
22,0,-1.8,71,38
23,0,-2,72,49
0,0,-2.1,74,54
1,0,-1.8,72,51
2,0,-1.7,72,61
3,0,-1.1,66,66
4,0,-0.7,65,62
5,0,-1,67,39
6,0,-1.9,72,18
7,-1.48,-2.8,76,13
8,9.08,-3.2,78,15
9,18.37,-1.9,74,6
10,25.94,0.4,48,3
11,31.1,1.4,38,5
12,33.15,2.3,34,12
13,31.76,3,33,6
14,27.17,3.6,33,0
15,20.01,4.2,32,0
16,11.01,4,32,0
17,0.75,2.6,37,0
18,0,0.6,43,0
19,0,-1.3,49,0
20,0,-1.3,48,0
21,0,-1.2,47,0
22,0,-1.5,48,0
23,0,-3,55,0
0,0,-4.2,62,0
1,0,-4.5,65,0
2,0,-4.8,68,10
3,0,-5.7,73,18
4,0,-6,74,46
5,0,-6,74,38
6,0,-5.7,72,32
7,-1.36,-5.2,68,12
8,9.22,-4.4,63,3
9,18.54,-2.6,59,0
10,26.15,0.5,43,0
11,31.33,2.4,36,0
12,33.4,3.7,31,0
13,32.02,4.7,27,0
14,27.42,5.3,25,0
15,20.25,5.1,23,0
16,11.23,4.3,21,0
17,0.96,2.3,24,0
18,0,0.1,26,0
19,0,-0.8,28,0
20,0,-1.9,31,0
21,0,-3.4,35,0
22,0,-4.7,40,0
23,0,-5,42,0
0,0,-5.2,44,0
1,0,-5.1,47,0
2,0,-4.9,49,12
3,0,-5.1,54,35
4,0,-4.5,56,31
5,0,-4.4,59,31
6,0,-4.2,61,41
7,-1.24,-3,59,61
8,9.38,-2,57,31
9,18.72,0.3,53,33
10,26.35,3.2,46,25
11,31.57,6.6,39,53
12,33.66,8.6,33,83
13,32.29,9.6,28,80
14,27.68,9.6,25,50
15,20.49,8.8,27,26
16,11.45,8.3,28,0
17,1.17,6.8,32,2
18,0,3,36,1
19,0,-0.1,39,15
20,0,-1.3,38,27
21,0,-1.8,36,29
22,0,-2.2,34,29
23,0,-2.6,33,28
0,0,-3.3,32,25
1,0,-4,33,6
2,0,-4.5,33,28
3,0,-4.5,32,30
4,0,-4.5,31,30
5,0,-4.5,31,28
6,0,-4.8,32,27
7,-1.11,-5.3,34,23
8,9.53,-5.4,35,24
9,18.9,-2,34,25
10,26.57,1.7,28,12
11,31.81,3.5,26,7
12,33.93,4.7,25,2
13,32.56,5.6,24,7
14,27.94,6.1,23,23
15,20.74,6.1,22,27
16,11.68,5.3,24,27
17,1.38,3,30,29
18,0,0.8,35,29
19,0,-0.8,39,30
20,0,-2,43,29
21,0,-2.8,47,30
22,0,-3.2,48,32
23,0,-3.3,47,35
0,0,-3.4,47,40
1,0,-3.6,46,66
2,0,-3.7,45,86
3,0,-3.9,44,75
4,0,-4.1,43,47
5,0,-4.5,41,43
6,0,-4.5,38,41
7,-0.97,-4.4,35,47
8,9.69,-3.8,32,38
9,19.09,-1,29,31
10,26.79,2.7,24,30
11,32.06,5.5,21,30
12,34.2,7.6,19,31
13,32.84,9,18,31
14,28.21,9.4,18,38
15,20.98,8.4,20,41
16,11.91,7.4,26,50
17,1.6,5.9,32,62
18,0,3.8,37,66
19,0,1.4,44,69
20,0,-1.3,50,60
21,0,-3,53,61
22,0,-3.7,52,56
23,0,-3.7,48,53
0,0,-3.2,43,34
1,0,-2.9,41,32
2,0,-2.6,39,50
3,0,-3.5,44,39
4,0,-3.7,46,39
5,0,-3.5,47,56
6,0,-3.1,45,77
7,-0.83,-1.4,39,86
8,9.86,-1.2,40,87
9,19.29,-0.2,42,83
10,27.01,2.5,39,87
11,32.32,3.5,35,78
12,34.48,3.8,31,44
13,33.11,4,29,61
14,28.48,3.9,28,70
15,21.23,3.9,25,71
16,12.14,3.4,26,76
17,1.81,2.2,31,83
18,0,1,33,87
19,0,0.2,33,85
20,0,-0.5,33,79
21,0,-1.1,33,73
22,0,-1.7,34,83
23,0,-1.2,31,87
0,0,-1.2,30,84
1,0,-2,33,78
2,0,-2.9,33,68
3,0,-3.9,37,39
4,0,-4.6,39,35
5,0,-5.3,39,54
6,0,-5.4,38,84
7,-0.69,-5.3,35,88
8,10.03,-4.7,33,74
9,19.49,-3.8,27,54
10,27.25,-2.7,25,70
11,32.58,-1.4,26,74
12,34.76,-0.2,27,76
13,33.4,1,29,78
14,28.75,2,29,64
15,21.49,3.3,22,48
16,12.37,3.1,20,5
17,2.02,1.8,23,0
18,0,-0.5,28,0
19,0,-2.8,31,0
20,0,-2.8,29,0
21,0,-2.3,25,0
22,0,-1.9,23,0
23,0,-1.8,23,0
0,0,-1.8,24,0
1,0,-1.9,25,0
2,0,-1.9,25,0
3,0,-2.5,26,0
4,0,-2.6,27,0
5,0,-2.8,27,0
6,0,-2.9,27,0
7,-0.54,-3,26,0
8,10.21,-2.9,26,0
9,19.69,-0.9,24,0
10,27.48,1.9,19,0
11,32.85,4.4,15,0
12,35.04,6.5,13,0
13,33.69,8.1,11,0
14,29.02,9.2,10,0
15,21.74,9.4,11,0
16,12.61,8.9,14,0
17,2.24,6.9,19,0
18,0,3.6,25,0
19,0,1.1,30,0
20,0,-1.6,37,0
21,0,-3.5,41,0
22,0,-4.2,40,0
23,0,-4.6,39,0
0,0,-5.1,40,8
1,0,-5.4,40,3
2,0,-5.5,39,27
3,0,-5.6,40,51
4,0,-5.3,40,31
5,0,-4.7,38,23
6,0,-4.6,39,29
7,-0.38,-5,41,24
8,10.39,-5,43,24
9,19.9,-1.6,40,0
10,27.73,1.9,34,0
11,33.12,4.5,29,0
12,35.33,6.1,28,2
13,33.98,7.1,28,1
14,29.3,7.5,28,29
15,22,6,33,30
16,12.84,4.5,40,30
17,2.46,2.4,50,30
18,0,0.7,57,31
19,0,-0.2,62,31
20,0,-0.8,67,30
21,0,-1.7,70,30
22,0,-2,71,30
23,0,-2.1,70,29
0,0,-1.8,64,18
1,0,-1.9,57,0
2,0,-1.4,45,31
3,0,-2.3,39,76
4,0,-1.3,30,77
5,0,-0.3,25,82
6,0,0.3,22,81
7,-0.22,0.7,20,80
8,10.58,1,20,76
9,20.12,2.9,19,55
10,27.97,5,17,45
11,33.4,6.4,14,12
12,35.63,7.4,13,0
13,34.28,8.2,12,0
14,29.58,8.2,12,0
15,22.26,7.9,14,0
16,13.08,7.5,15,0
17,2.68,5.9,19,0
18,0,3.5,21,0
19,0,1.3,25,0
20,0,-0.5,29,0
21,0,-1.8,32,0
22,0,-2.6,35,0
23,0,-3.1,36,0
0,0,-3.5,37,0
1,0,-3.8,38,0
2,0,-4.1,38,0
3,0,-4.4,42,1
4,0,-4.5,42,1
5,0,-4.6,43,1
6,0,-4.8,44,0
7,-0.05,-4.5,43,0
8,10.78,-3.8,42,0
9,20.34,-1.5,41,2
10,28.23,2.3,31,0
11,33.68,4.8,28,0
12,35.93,7,26,0
13,34.58,8.9,25,0
14,29.87,10.3,23,0
15,22.52,11.2,21,0
16,13.32,10.8,25,0
17,2.89,8.4,36,0
18,0,5.4,44,0
19,0,2.2,53,0
20,0,-0.3,59,0
21,0,-2.6,63,0
22,0,-3.5,63,0
23,0,-3.7,59,0
0,0,-3.7,56,0
1,0,-3.8,55,0
2,0,-3.9,56,0
3,0,-3.2,55,0
4,0,-2.7,53,0
5,0,-2.6,52,0
6,0,-2.4,51,0
7,0.12,-2.4,50,0
8,10.98,-2.3,51,0
9,20.57,-1.4,49,5
10,28.48,1.1,40,9
11,33.97,2.7,38,5
12,36.23,4.1,36,6
13,34.88,5,35,28
14,30.15,5.2,37,27
15,22.78,5.3,39,16
16,13.56,4.7,42,3
17,3.11,3.4,48,4
18,0,1.4,54,0
19,0,-0.5,62,0
20,0,-2.3,70,0
21,0,-3.4,77,0
22,0,-4.2,82,0
23,0,-4.7,84,0
0,0,-4.9,85,0
1,0,-4.6,83,4
2,0,-2.3,71,16
3,0,-5.6,90,88
4,0,-4.8,94,100
5,0,-4.7,94,100
6,0,-4.7,92,100
7,0.3,-4.6,89,100
8,11.18,-4.6,88,100
9,20.8,-4.2,84,100
10,28.75,-3.7,81,100
11,34.26,-3.3,79,100
12,36.54,-3.2,78,100
13,35.19,-3,77,100
14,30.44,-2,71,100
15,23.05,-2.6,71,71
16,13.8,-2.9,71,59
17,3.33,-3.6,73,42
18,0,-4.4,76,31
19,0,-4.8,76,28
20,0,-5.1,76,48
21,0,-5.5,75,52
22,0,-5.7,72,49
23,0,-6,70,57
0,0,-6.6,71,68
1,0,-6.5,69,77
2,0,-6.5,70,100
3,0,-6.5,68,100
4,0,-6.8,70,94
5,0,-7.2,73,79
6,0,-7.6,74,80
7,0.48,-8,70,72
8,11.39,-8.2,55,74
9,21.04,-8.1,38,67
10,29.02,-7.4,28,71
11,34.56,-6.5,22,56
12,36.86,-5.4,19,38
13,35.5,-4.5,19,26
14,30.74,-4,18,55
15,23.31,-3.8,21,65
16,14.04,-4.2,20,79
17,3.55,-4.7,20,81
18,0,-5.5,20,83
19,0,-6,21,82
20,0,-6.1,20,80
21,0,-6.3,20,84
22,0,-6.2,20,74
23,0,-6.2,21,30
0,0,-6.4,23,59
1,0,-6.6,24,31
2,0,-6.8,26,35
3,0,-8,21,22
4,0,-8.2,21,34
5,0,-8.4,21,29
6,0,-8.5,22,52
7,0.67,-8.7,22,35
8,11.61,-8.6,23,31
9,21.28,-7.5,22,35
10,29.29,-6.2,21,40
11,34.86,-4.9,20,48
12,37.18,-3.5,19,70
13,35.81,-2.3,19,76
14,31.03,-1.5,19,58
15,23.58,-1.5,22,31
16,14.28,-1.8,22,29
17,3.78,-2.9,22,29
18,0,-4.5,25,22
19,0,-5.6,26,8
20,0,-6.5,28,2
21,0,-7.3,29,6
22,0,-7.6,32,17
23,0,-7.3,32,11
0,0,-6.8,32,1
1,0,-6.9,32,0
2,0,-7.1,33,0
3,0,-7.9,35,0
4,0,-9.1,39,0
5,0,-9.2,39,0
6,0,-9.3,39,39
7,0.86,-9.2,38,62
8,11.83,-8.7,36,64
9,21.53,-6,29,56
10,29.57,-4.8,23,61
11,35.17,-4.3,21,82
12,37.5,-3.7,20,90
13,36.13,-3.7,20,83
14,31.33,-3.2,20,85
15,23.85,-3.1,20,84
16,14.52,-3.6,20,77
17,4,-4.1,20,78
18,0,-4.8,21,80
19,0,-5.3,21,44
20,0,-5.7,22,30
21,0,-5.9,22,30
22,0,-6.3,23,33
23,0,-6.6,24,30
0,0,-6.8,25,31
1,0,-6.7,25,41
2,0,-6.7,26,37
3,0,-7.2,27,44
4,0,-7.3,27,62
5,0,-7.2,27,73
6,0,-7.2,28,76
7,1.06,-7.3,28,79
8,12.05,-7.2,29,81
9,21.78,-6.3,27,86
10,29.85,-5.2,27,86
11,35.48,-3.9,28,87
12,37.83,-2.7,29,85
13,36.45,-1.7,29,82
14,31.63,-1,30,67
15,24.12,-1.5,36,47
16,14.77,-1.3,39,17
17,4.22,-1.9,44,0
18,0,-4,54,0
19,0,-5.2,61,0
20,0,-6.1,67,0
21,0,-6.9,71,0
22,0,-7.4,72,0
23,0,-7.4,72,0
0,0,-7.9,74,0
1,0,-8.3,75,0
2,0,-8.5,75,0
3,0,-8.7,74,0
4,0,-8.7,72,0
5,0,-8.6,69,0
6,0,-8.4,66,0
7,1.27,-8.2,64,0
8,12.28,-7.6,61,0
9,22.03,-3.8,49,0
10,30.14,0,39,0
11,35.79,2.1,34,0
12,38.16,3,32,13
13,36.78,3,33,13
14,31.93,2.6,34,38
15,24.39,1.8,38,50
16,15.01,1.3,40,51
17,4.44,0.5,44,35
18,0,-1.1,50,1
19,0,-2.6,55,0
20,0,-3.8,61,0
21,0,-5,66,0
22,0,-5.3,68,16
23,0,-5,66,23
0,0,-5.1,67,51
1,0,-4.9,66,71
2,0,-4.9,65,65
3,0,-4.4,62,68
4,0,-4.6,63,61
5,0,-5.2,66,93
6,0,-4.8,64,100
7,1.48,-4.6,62,100
8,12.51,-4,59,100
9,22.29,-3.3,57,95
10,30.43,-2.9,57,95
11,36.11,-2.1,55,96
12,38.49,-1.4,54,88
13,37.11,-0.8,53,95
14,32.23,-0.5,53,90
15,24.66,-1.6,56,61
16,15.25,-1.9,59,45
17,4.66,-2.6,64,64
18,0,-3.8,72,85
19,0,-4.4,77,89
20,0,-4.5,80,90
21,0,-4.6,81,93
22,0,-4.9,83,95
23,0,-5.1,81,99
0,0,-5.3,81,100
1,0,-5.4,81,98
2,0,-5.6,82,98
3,0,-6.4,83,94
4,0,-6.6,85,96
5,0,-6.7,85,100
6,0,-6.9,86,100
7,1.69,-6.9,85,100
8,12.75,-6.8,81,100
9,22.56,-6.3,78,100
10,30.73,-5.8,75,100
11,36.44,-5.1,71,100
12,38.83,-4.8,70,100
13,37.44,-4.2,67,100
14,32.53,-4,66,100
15,24.94,-4.4,63,100
16,15.5,-4.4,62,100
17,4.88,-4.5,64,100
18,0,-5,67,100
19,0,-5.3,69,100
20,0,-5.4,71,100
21,0,-5.5,72,100
22,0,-5.6,74,100
23,0,-5.7,76,100
0,0,-5.9,78,100
1,0,-6,80,100
2,0,-6.2,81,100
3,0,-6.3,77,100
4,0,-6.6,80,100
5,0,-6.5,79,100
6,0,-6.7,81,100
7,1.91,-6.7,80,100
8,12.99,-6.7,80,100
9,22.83,-6.3,77,100
10,31.03,-5.8,75,100
11,36.77,-5.2,72,100
12,39.17,-4.8,71,100
13,37.77,-4.3,68,100
14,32.84,-3.4,64,100
15,25.21,-2.5,60,75
16,15.74,-2.7,62,98
17,5.1,-3.8,69,93
18,0,-4.9,75,66
19,0,-5.8,81,79
20,0,-6.2,83,64
21,0,-6.3,84,59
22,0,-6.7,86,52
23,0,-7.3,87,39
0,0,-8.2,88,12
1,0,-8.3,84,9
2,0,-8.4,77,0
3,0,-7.9,70,0
4,0,-7.8,60,0
5,0,-7.8,53,0
6,0,-7.8,50,1
7,2.13,-7.9,49,2
8,13.24,-7.5,47,5
9,23.1,-4,40,1
10,31.33,-1.6,32,3
11,37.1,-0.1,28,4
12,39.52,1.2,25,14
13,38.1,2.4,22,0
14,33.15,3.3,19,0
15,25.48,3,20,0
16,15.99,2.8,19,0
17,5.33,1.8,22,0
18,0,-0.3,27,0
19,0,-2.9,34,0
20,0,-5.3,40,0
21,0,-6.5,43,0
22,0,-7.1,44,0
23,0,-7.5,43,0
0,0,-7.8,42,0
1,0,-7.9,40,0
2,0,-8.1,38,0
3,0,-8.3,40,0
4,0,-8.5,38,0
5,0,-8.7,37,0
6,0,-9,36,0
7,2.35,-9.3,35,0
8,13.49,-8.7,34,0
9,23.38,-5.1,29,0
10,31.64,-2.2,22,0
11,37.44,-0.6,20,0
12,39.87,0.6,19,0
13,38.44,1.5,18,0
14,33.46,2,18,0
15,25.76,2.3,18,2
16,16.23,2,19,10
17,5.55,0.8,22,1
18,0,-1.3,27,11
19,0,-3,31,9
20,0,-4.9,36,0
21,0,-6.2,41,1
22,0,-6.9,45,30
23,0,-6.9,46,32
0,0,-6.3,45,29
1,0,-6,44,65
2,0,-5.5,43,85
3,0,-5.2,42,88
4,0,-5.2,43,86
5,0,-5.4,44,79
6,0,-6,46,8
7,2.59,-7,49,2
8,13.75,-7,50,0
9,23.66,-2.4,38,0
10,31.96,0.7,27,7
11,37.78,2.5,24,0
12,40.22,3.8,22,4
13,38.78,4.8,21,11
14,33.77,5.2,21,14
15,26.03,5.2,22,12
16,16.48,4.6,24,8
17,5.77,3.2,28,13
18,0,0.9,33,57
19,0,-0.8,37,72
20,0,-1.7,40,70
21,0,-2.5,44,80
22,0,-3.3,48,73
23,0,-3.7,49,70
0,0,-3.8,49,56
1,0,-3.5,48,62
2,0,-3.5,49,48
3,0,-4.3,50,56
4,0,-4.4,52,61
5,0,-4.6,53,69
6,0,-4.4,53,76
7,2.82,-3.6,51,80
8,14.01,-2.5,48,86
9,23.95,-0.9,44,90
10,32.27,-0.1,41,88
11,38.12,0.7,43,94
12,40.58,1.3,45,89
13,39.12,1.9,47,91
14,34.08,2.1,49,100
15,26.31,2.1,54,100
16,16.72,1.8,56,100
17,5.99,1.1,61,100
18,-5.42,-0.3,68,100
19,0,-1.3,72,100
20,0,-2,76,100
21,0,-2,76,76
22,0,-2.4,78,93
23,0,-3,82,100
0,0,-3.6,86,86
1,0,-3.5,87,49
2,0,-4.1,89,29
3,0,-4.2,88,10
4,0,-4.6,88,5
5,0,-4.7,87,2
6,0,-5,87,4
7,3.06,-5.3,87,2
8,14.27,-4.4,85,0
9,24.24,0,65,0
10,32.59,3,53,0
11,38.47,5.3,44,6
12,40.93,6.9,35,47
13,39.47,8.1,30,19
14,34.39,8.8,27,0
15,26.58,8.8,24,0
16,16.96,8.8,23,0
17,6.21,7.9,26,0
18,-5.21,5,36,0
19,0,1.7,47,0
20,0,-1.2,57,0
21,0,-2.9,63,0
22,0,-4.1,64,0
23,0,-4.6,60,0
0,0,-4.8,56,0
1,0,-5,52,0
2,0,-5.1,50,0
3,0,-5.3,57,0
4,0,-5.5,56,0
5,0,-5.6,54,2
6,0,-5.7,52,13
7,3.31,-5.6,49,12
8,14.54,-4.7,47,30
9,24.53,0.3,37,24
10,32.92,3.6,26,23
11,38.82,5.4,27,21
12,41.3,6.6,29,18
13,39.81,7.5,31,20
14,34.7,7.9,33,20
15,26.86,7.5,35,23
16,17.21,7.1,40,24
17,6.43,5.7,50,26
18,-5.01,3.7,61,22
19,0,1.6,72,16
20,0,-0.2,79,8
21,0,-2.4,84,0
22,0,-3.5,86,0
23,0,-4.1,87,0
0,0,-4.5,88,0
1,0,-4.8,88,0
2,0,-4.9,88,3
3,0,-5.2,88,1
4,0,-5.4,86,1
5,0,-5.5,84,25
6,0,-5.5,80,29
7,3.55,-5.5,76,30
8,14.81,-4.4,70,19
9,24.83,1.2,50,2
10,33.25,4.7,39,6
11,39.18,6.8,38,0
12,41.66,8.3,35,10
13,40.16,9.1,34,19
14,35.01,9.4,35,24
15,27.13,9.2,37,28
16,17.45,8.8,40,29
17,6.65,7.3,50,29
18,-4.8,5.2,59,30
19,0,3.1,69,30
20,0,1.6,75,37
21,0,-0.3,81,48
22,0,-1.4,84,61
23,0,-2.2,87,68
0,0,-2.5,89,77
1,0,-2.4,89,78
2,0,-2.4,89,83
3,0,-2.3,86,86
4,0,-2.4,85,80
5,0,-2.8,85,80
6,0,-3.2,86,84
7,3.8,-3.1,83,87
8,15.08,-2.1,78,87
9,25.13,1.9,63,88
10,33.58,5.4,47,87
11,39.53,6.9,45,89
12,42.03,7.9,44,89
13,40.51,8.4,44,83
14,35.33,8.7,43,74
15,27.41,9.2,40,64
16,17.69,8.8,41,56
17,6.86,7.9,48,42
18,-4.6,6.4,54,29
19,0,5.7,55,21
20,0,3.8,62,10
21,0,0.1,76,8
22,0,-1.9,81,11
23,0,-3.1,86,13
0,0,-3.7,88,17
1,0,-4.1,89,16
2,0,-4.4,89,9
3,0,-3.9,88,11
4,0,-4.1,88,1
5,0,-4.4,88,0
6,0,-4.6,88,0
7,4.06,-4.8,88,0
8,15.36,-3.6,84,0
9,25.44,2.7,60,0
10,33.91,6.4,47,0
11,39.9,8.3,42,0
12,42.4,9.5,38,0
13,40.86,10.5,36,0
14,35.64,11.2,35,0
15,27.68,11.6,34,0
16,17.93,11.2,36,0
17,7.08,10,42,0
18,-4.4,7.8,50,0
19,0,5.7,59,0
20,0,4.7,59,0
21,0,0.4,78,7
22,0,-1.5,84,26
23,0,-2.4,87,29
0,0,-2.8,88,29
1,0,-2.9,87,29
2,0,-2.5,81,30
3,0,-2.1,75,29
4,0,-2.2,72,25
5,0,-2.1,68,18
6,0,-2,65,2
7,4.32,-2,64,0
8,15.64,-0.7,62,16
9,25.74,3.8,52,30
10,34.25,8.2,44,31
11,40.26,10.3,39,30
12,42.77,11,38,29
13,41.22,11.3,39,29
14,35.96,11.2,41,30
15,27.96,10.6,41,31
16,18.17,10.2,42,33
17,7.3,9.3,48,36
18,-4.19,7.9,53,44
19,0,6.5,58,57
20,0,5.1,62,65
21,0,3.4,68,74
22,0,2.4,72,83
23,0,1.3,77,85
0,0,0.5,81,87
1,0,0,83,89
2,0,-0.3,84,89
3,0,-0.4,85,89
4,0,-0.4,84,86
5,0,-0.1,81,83
6,0,0.1,78,70
7,4.58,0.3,75,63
8,15.93,1.3,71,59
9,26.05,4.2,55,35
10,34.59,5.7,48,18
11,40.63,6.8,45,2
12,43.14,7.9,42,2
13,41.57,8.8,40,3
14,36.27,9.3,39,2
15,28.23,9.4,36,0
16,18.41,9.3,37,3
17,7.51,8.5,40,34
18,-3.99,6.8,47,58
19,0,5.4,50,66
20,0,5.3,49,72
21,0,4.6,51,72
22,0,2.1,60,70
23,0,0.8,65,54
0,0,0,69,45
1,0,-0.5,71,54
2,0,-1,75,76
3,0,0.9,65,78
4,0,0.2,68,82
5,0,0,70,86
6,0,-0.1,71,88
7,4.85,-0.1,74,88
8,16.21,0.7,73,88
9,26.37,3,64,88
10,34.93,4.3,52,88
11,41,5.5,48,84
12,43.52,6.6,46,88
13,41.92,7.5,45,80
14,36.59,7.9,44,81
15,28.51,8,40,78
16,18.65,7.9,41,80
17,7.73,7.5,42,48
18,-3.79,6.2,47,46
19,0,4.9,52,49
20,0,3.8,55,53
21,0,2.6,58,21
22,0,1.3,63,18
23,0,-0.3,71,40
0,0,-1.2,76,47
1,0,-2,82,41
2,0,-2.5,86,48
3,0,-1.9,83,58
4,0,-2.1,86,71
5,0,-2.6,88,59
6,0,-2.6,89,33
7,5.12,-2.7,89,30
8,16.5,-1.5,88,22
9,26.68,3.3,69,1
10,35.28,6.2,53,3
11,41.37,7.9,48,1
12,43.9,9.2,45,2
13,42.28,10.1,43,8
14,36.9,10.5,43,14
15,28.78,10.8,38,27
16,18.89,10.6,38,25
17,7.94,10,41,2
18,-3.59,8.1,50,0
19,0,6.3,57,13
20,0,4.9,64,29
21,0,2.8,74,30
22,0,1.2,82,30
23,0,0.3,87,30
0,0,-0.2,89,30
1,0,-0.6,91,30
2,0,-1,91,27
3,0,-1.2,91,48
4,0,-1.6,92,59
5,0,-1.9,92,62
6,0,-2,91,29
7,5.39,-2.2,91,22
8,16.8,-0.9,89,10
9,27,4.5,70,2
10,35.63,7.9,54,0
11,41.74,9.8,49,0
12,44.28,11.2,46,0
13,42.64,12.2,42,1
14,37.22,12.9,40,9
15,29.05,12.8,39,14
16,19.13,12.4,42,4
17,8.16,11.4,46,0
18,-3.39,9.5,53,0
19,0,7.7,60,0
20,0,6,68,0
21,0,4,77,0
22,0,2.1,84,0
23,0,1,88,0
0,0,0.1,90,1
1,0,-0.5,91,18
2,0,-0.9,92,27
3,0,-1.4,92,28
4,0,-1.6,93,28
5,0,-2.1,93,14
6,0,-2.4,92,28
7,5.67,-2.5,91,30
8,17.09,-1.1,91,28
9,27.32,5.1,73,22
10,35.98,8.3,60,26
11,42.12,10.2,54,2
12,44.66,11.6,50,0
13,43,12.7,47,1
14,37.53,13.2,44,9
15,29.32,13.5,39,7
16,19.36,13.3,37,8
17,8.37,12.5,39,16
18,-3.19,10.4,46,40
19,0,8.5,51,36
20,0,6.9,57,29
21,0,4.7,65,29
22,0,2.6,75,17
23,0,1.1,82,24
0,0,0.2,86,28
1,0,-0.3,87,28
2,0,-0.7,88,28
3,0,-0.8,86,28
4,0,-1.1,86,26
5,0,-1.7,88,25
6,-5.69,-2.2,89,25
7,5.95,-2.6,90,25
8,17.39,-1.1,88,26
9,27.65,4.9,67,25
10,36.33,8.5,50,22
11,42.5,10.5,45,15
12,45.05,12.2,40,10
13,43.35,13.3,34,14
14,37.85,13.9,31,26
15,29.59,13.9,28,29
16,19.6,13.5,29,34
17,8.58,12.5,33,47
18,-2.99,10.6,40,54
19,0,9.2,43,63
20,0,7.9,48,60
21,0,6.1,55,68
22,0,4.5,62,66
23,0,3.5,67,66
0,0,2.6,72,64
1,0,1.8,75,59
2,0,1.4,77,58
3,0,1.5,76,54
4,0,1.1,77,59
5,0,1.1,77,57
6,-5.42,0.7,77,55
7,6.23,0.5,77,51
8,17.69,1.6,74,49
9,27.97,5.4,64,51
10,36.69,9,48,46
11,42.88,11,41,34
12,45.43,12.7,39,30
13,43.71,13.8,37,14
14,38.16,14.5,36,2
15,29.86,15,33,8
16,19.83,14.7,34,2
17,8.79,13.9,39,7
18,-2.8,11.8,48,1
19,0,9.9,55,0
20,0,8.1,63,0
21,0,6.2,71,0
22,0,4.3,80,0
23,0,3.1,85,0
0,0,2.5,86,0
1,0,2,84,0
2,0,1.5,82,1
3,0,1.1,79,2
4,0,0.6,78,1
5,0,0.3,77,0
6,-5.14,0.1,76,0
7,6.51,0.1,75,1
8,18,2.1,68,4
9,28.3,6.9,58,5
10,37.05,11.7,46,3
11,43.27,14.1,38,0
12,45.82,15.3,37,0
13,44.07,15.9,37,0
14,38.48,16.2,38,12
15,30.13,16.7,35,18
16,20.07,15.9,38,33
17,9,15,43,16
18,-2.6,13,50,24
19,0,11.4,55,25
20,0,9.6,61,29
21,0,7.9,68,30
22,0,6.7,74,30
23,0,5.7,79,32
0,0,4.7,84,41
1,0,3.9,87,42
2,0,3.2,90,39
3,0,3.5,87,29
4,0,3.1,89,5
5,0,2.5,90,0
6,-4.86,2,91,0
7,6.8,1.6,91,0
8,18.3,3.1,84,0
9,28.63,8.3,66,0
10,37.41,12,50,0
11,43.65,13.7,38,0
12,46.21,14.6,29,0
13,44.43,15.3,25,0
14,38.79,15.6,24,2
15,30.4,16.1,22,0
16,20.3,16.1,21,0
17,9.21,15.3,24,0
18,-2.41,13.8,29,0
19,0,11.3,37,0
20,0,8.3,39,0
21,0,5.9,45,0
22,0,3.9,49,0
23,0,3.2,47,0
0,0,3,41,0
1,0,6.3,27,0
2,0,5.6,26,0
3,0,0.9,40,0
4,0,-0.9,49,0
5,0,-2.1,56,0
6,-4.58,-2.9,62,0
7,7.09,-3.4,66,0
8,18.61,-1.2,71,0
9,28.97,6,50,0
10,37.77,9.2,24,0
11,44.04,10.3,22,0
12,46.6,11,21,0
13,44.79,11.5,21,0
14,39.1,11.8,21,0
15,30.66,11.8,20,0
16,20.53,11.3,20,0
17,9.41,10.2,20,0
18,-2.21,8.3,23,0
19,0,6.5,25,0
20,0,5.2,28,0
21,0,5,27,0
22,0,3.4,31,0
23,0,0.8,38,0
0,0,-1,45,0
1,0,-2.4,51,0
2,0,-3.5,58,0
3,0,-3.3,53,0
4,0,-4.2,58,0
5,0,-4.8,63,0
6,-4.3,-5,65,0
7,7.38,-5,66,0
8,18.92,-2.3,65,0
9,29.3,3.8,43,1
10,38.14,6.9,27,3
11,44.43,8.8,23,2
12,46.99,10.3,22,4
13,45.16,11.5,22,5
14,39.41,12.2,22,0
15,30.93,12.5,22,0
16,20.76,12.3,23,0
17,9.62,11.3,24,0
18,-2.02,9.1,29,0
19,0,7,31,0
20,0,5.3,37,0
21,0,4.3,38,0
22,0,1.5,49,0
23,0,-0.2,57,1
0,0,-1.3,64,1
1,0,-2.1,69,11
2,0,-2.7,74,25
3,0,-3,76,29
4,0,-3.3,79,29
5,0,-3.5,81,31
6,-4.01,-3.7,83,39
7,7.67,-3.8,84,41
8,19.23,-1,79,40
9,29.64,4.7,55,50
10,38.5,7.4,40,59
11,44.82,9.3,36,72
12,47.38,10.8,35,68
13,45.52,12,34,54
14,39.72,12.8,33,39
15,31.19,13.2,31,48
16,20.98,13.3,29,72
17,9.82,12.4,28,67
18,-1.82,10.6,31,79
19,0,9,33,85
20,0,7.6,36,87
21,0,6.6,40,87
22,0,5.4,45,80
23,0,3.6,54,84
0,0,2.1,63,83
1,0,2.4,63,79
2,0,2.6,64,65
3,0,2.7,64,50
4,0,1.5,71,37
5,0,0.7,77,29
6,-3.72,-0.1,82,45
7,7.97,-0.9,88,56
8,19.55,1.8,81,41
9,29.97,6.9,52,22
10,38.87,9.5,38,19
11,45.21,11,36,20
12,47.78,12.5,34,23
13,45.88,13.5,34,20
14,40.03,14,34,16
15,31.45,13.9,33,20
16,21.21,13.5,33,18
17,10.03,12.6,35,23
18,-1.63,10.7,40,13
19,0,8.5,47,4
20,0,7.2,52,2
21,0,5.9,58,0
22,0,4.3,65,0
23,0,3.1,70,0
0,0,2.2,75,0
1,0,1.2,80,0
2,0,0.3,86,0
3,0,-0.3,86,4
4,0,-0.8,89,24
5,0,-1.4,91,22
6,-3.43,-1.8,93,6
7,8.27,-2.1,93,2
8,19.86,0.8,85,1
9,30.31,6.9,59,0
10,39.24,9.3,48,0
11,45.61,11.1,44,35
12,48.17,12.3,42,68
13,46.24,13.1,40,90
14,40.34,13.5,39,89
15,31.71,12.1,53,79
16,21.43,12.4,52,26
17,10.23,11.8,53,16
18,-1.44,9.8,56,20
19,0,8.2,48,4
20,0,7.1,43,5
21,0,6.1,39,14
22,0,5.8,37,31
23,0,6.2,36,3
0,0,6,40,0
1,0,5.1,45,0
2,0,4.2,48,0
3,0,4.2,44,0
4,0,4,42,0
5,0,3.8,40,0
6,-3.14,3.7,39,0
7,8.57,3.9,37,0
8,20.18,5.8,35,0
9,30.65,9.1,30,2
10,39.61,11.5,24,6
11,46,13,21,14
12,48.56,14.2,19,18
13,46.6,15.2,17,23
14,40.65,15.7,16,22
15,31.97,16.1,15,19
16,21.66,16,13,57
17,10.43,15.6,14,47
18,-1.25,13.8,18,20
19,0,11.7,21,6
20,0,9.5,24,4
21,0,7.4,28,0
22,0,5.9,31,0
23,0,4.7,33,0
0,0,3.7,35,0
1,0,2.6,38,0
2,0,2.5,36,0
3,0,2,38,0
4,0,2,37,0
5,0,1,40,0
6,-2.84,-0.6,44,0
7,8.87,-2.1,52,0
8,20.5,0.3,51,0
9,30.99,4.4,26,0
10,39.98,6,19,0
11,46.4,7.3,17,0
12,48.96,8.6,16,0
13,46.96,9.8,14,0
14,40.96,10.7,12,0
15,32.23,11.8,11,0
16,21.88,12,10,0
17,10.63,11.7,10,0
18,-1.06,10.1,15,0
19,0,8,17,0
20,0,5.9,20,0
21,0,4,23,0
22,0,2.5,26,0
23,0,1.6,27,0
0,0,0.9,28,0
1,0,0.3,30,0
2,0,-0.4,32,0
3,0,-0.6,33,0
4,0,-1.1,34,0
5,0,-1.6,36,0
6,-2.55,-1.7,36,0
7,9.17,-1.6,36,0
8,20.82,1.2,36,0
9,31.34,6.5,29,0
10,40.35,10,19,0
11,46.79,11.9,16,0
12,49.36,13,16,0
13,47.32,14,15,2
14,41.26,14.8,15,5
15,32.49,15.3,14,8
16,22.1,15.5,13,16
17,10.83,15.1,14,15
18,-0.87,13.5,19,2
19,0,10.5,23,0
20,0,7.8,26,0
21,0,6.7,26,0
22,0,5.9,27,0
23,0,5.2,27,0
0,0,4.6,28,0
1,0,4,29,0
2,0,3.4,30,0
3,0,2.8,33,0
4,0,2.2,34,0
5,0,1.4,36,0
6,-2.25,0.6,39,0
7,9.47,-0.1,42,0
8,21.13,2,48,0
9,31.68,7.7,34,0
10,40.72,10.9,22,0
11,47.19,12.9,19,0
12,49.75,14.5,17,19
13,47.68,15.8,14,49
14,41.56,16.3,12,25
15,32.74,16.8,10,44
16,22.32,16.2,9,18
17,11.02,15.3,10,8
18,-0.68,13.4,13,8
19,0,10.9,16,0
20,0,8.9,18,0
21,0,7.4,20,0
22,0,6.1,22,0
23,0,5.6,22,0
0,0,5.5,22,0
1,0,5.4,21,0
2,0,5,22,0
3,0,5.8,20,0
4,0,5.6,21,0
5,0,5.4,22,0
6,-1.95,5.2,23,0
7,9.78,5.1,25,0
8,21.45,7.1,26,0
9,32.02,10.8,23,0
10,41.09,13.6,19,0
11,47.59,14.9,17,0
12,50.15,15.9,17,0
13,48.03,16.8,17,0
14,41.87,17.5,16,0
15,32.99,18.3,15,0
16,22.54,18.4,14,0
17,11.22,17.8,15,0
18,-0.49,16,22,0
19,0,13.6,25,0
20,0,10.8,31,0
21,0,8.7,34,0
22,0,7.5,34,0
23,0,6.9,31,0
0,0,6.7,29,0
1,0,6.6,27,0
2,0,6.7,25,0
3,0,6.5,25,0
4,0,6.6,23,0
5,0,6.6,21,0
6,-1.65,6.3,21,0
7,10.08,6.1,22,0
8,21.78,8.4,23,0
9,32.37,13,21,0
10,41.47,16.9,16,0
11,47.99,19,12,0
12,50.55,20,11,0
13,48.39,20.6,11,0
14,42.17,20.9,12,0
15,33.24,21.2,11,13
16,22.75,21.1,11,13
17,11.42,20.5,13,20
18,-0.31,18.8,18,0
19,0,16.2,23,0
20,0,14,25,0
21,0,14.2,23,0
22,0,13.4,24,0
23,0,12.5,26,0
0,0,9.1,33,0
1,0,6,41,0
2,0,4.1,47,0
3,0,4.4,46,0
4,0,3.6,49,0
5,0,3.1,51,0
6,-1.35,2.7,53,0
7,10.39,2.9,54,0
8,22.1,7,47,0
9,32.71,10.4,35,0
10,41.84,12.8,31,1
11,48.38,14.8,28,2
12,50.94,16.5,25,8
13,48.75,17.9,22,19
14,42.47,18.7,21,30
15,33.49,19.6,20,30
16,22.97,19.3,21,30
17,11.61,18.5,24,30
18,-0.12,16.7,30,22
19,0,14.8,36,30
20,0,13.4,42,30
21,0,11.1,50,30
22,0,9.2,56,30
23,0,8.5,58,30
0,0,7.9,60,30
1,0,7.3,61,31
2,0,6.8,61,41
3,0,7,59,61
4,0,6.6,59,70
5,0,6.5,56,75
6,-1.05,6.4,53,58
7,10.7,7.2,47,30
8,22.42,9.6,39,21
9,33.05,13.7,31,31
10,42.22,17.7,22,25
11,48.78,19.7,18,38
12,51.34,20.9,18,29
13,49.1,21.6,18,7
14,42.76,22,18,14
15,33.74,22.3,16,7
16,23.18,22.2,15,11
17,11.8,21.7,16,1
18,0.07,20.4,20,0
19,0,17.4,25,0
20,0,14.8,32,0
21,0,12.1,39,0
22,0,10.6,40,0
23,0,9.2,41,0
0,0,8.2,39,0
1,0,7.8,36,0
2,0,7.6,34,0
3,0,7.5,33,0
4,0,7.4,32,0
5,0,7.2,33,0
6,-0.74,6.8,34,0
7,11.01,6.7,36,27
8,22.74,9.3,35,27
9,33.4,14.3,31,30
10,42.59,18.8,25,29
11,49.18,21.7,21,12
12,51.74,23.6,18,7
13,49.46,24.9,16,17
14,43.06,25.6,15,29
15,33.98,25.2,14,30
16,23.39,24.5,15,35
17,11.99,22.8,19,75
18,0.25,21,23,83
19,0,19.6,29,90
20,0,18.6,34,83
21,0,17.6,38,85
22,0,16.5,43,87
23,0,15.1,51,87
0,0,14.2,56,86
1,0,13.6,60,87
2,0,12.9,64,71
3,0,13.3,53,68
4,0,12.3,58,67
5,0,11.6,60,62
6,-0.44,10.9,63,60
7,11.31,10,70,59
8,23.06,12.6,58,74
9,33.74,14.7,49,86
10,42.96,15,50,91
11,49.58,14.2,60,95
12,52.13,13.3,76,100
13,49.81,14,72,71
14,43.35,17.1,53,49
15,34.23,19,42,12
16,23.6,19.6,39,5
17,12.18,19.8,37,5
18,0.43,18.8,37,5
19,0,17.1,35,2
20,0,15.3,28,0
21,0,13.8,23,0
22,0,12.4,21,0
23,0,11,21,0
0,0,9.8,22,0
1,0,8.7,25,0
2,0,7.8,27,1
3,0,5.8,30,2
4,0,4.9,31,6
5,0,3.8,34,17
6,-0.13,2.7,39,14
7,11.62,2.6,40,8
8,23.38,3.9,42,0
9,34.09,5.9,27,1
10,43.34,7.5,24,9
11,49.98,8.9,22,18
12,52.53,10.5,20,14
13,50.16,11.6,18,11
14,43.64,12.3,17,10
15,34.47,12,18,6
16,23.81,12,18,3
17,12.37,11.6,18,2
18,0.62,10.6,20,0
19,0,8.7,23,0
20,0,7.5,25,1
21,0,6.3,27,0
22,0,4.9,31,0
23,0,3.6,34,4
0,0,2.3,38,0
1,0,1.1,42,0
2,0,0.4,44,0
3,0,-0.2,49,0
4,0,-0.6,49,0
5,0,-0.9,48,0
6,0.17,-1.3,48,0
7,11.93,-1.3,51,0
8,23.71,2.5,43,0
9,34.43,7.3,26,0
10,43.71,9.4,22,0
11,50.38,10.8,20,0
12,52.92,12,18,2
13,50.51,13.1,16,1
14,43.93,14.2,14,6
15,34.71,14.7,12,30
16,24.01,14.9,11,20
17,12.56,14.7,10,62
18,0.8,13.5,12,26
19,0,11.2,14,9
20,0,9.3,17,0
21,0,7.4,20,0
22,0,6.1,22,0
23,0,5.5,22,0
0,0,4.7,23,0
1,0,4,24,0
2,0,3,27,0
3,0,2.7,31,0
4,0,3.1,30,0
5,0,2.8,30,0
6,0.48,2.2,30,0
7,12.24,1.7,30,0
8,24.03,1.6,45,0
9,34.77,4.8,20,0
10,44.08,6.3,18,0
11,50.78,7.6,17,0
12,53.32,8.9,17,0
13,50.86,10.1,17,0
14,44.22,11.1,16,0
15,34.95,11.8,16,0
16,24.22,12.3,16,0
17,12.75,12.3,15,0
18,0.98,10.8,18,0
19,0,8,20,0
20,0,6.4,22,0
21,0,5.3,25,0
22,0,4.2,29,0
23,0,2.3,35,0
0,0,0.8,40,0
1,0,-0.2,44,0
2,0,-0.7,46,0
3,0,-1.1,48,0
4,0,-1.4,49,0
5,0,-1.5,47,0
6,0.78,-1.2,44,0
7,12.55,-0.5,42,0
8,24.35,3.4,35,1
9,35.12,9.4,26,11
10,44.46,13.9,18,13
11,51.18,16.8,14,19
12,53.71,18.5,12,36
13,51.21,19.6,11,42
14,44.51,20.2,11,32
15,35.18,20.7,11,77
16,24.42,20.7,11,89
17,12.93,20.2,12,89
18,1.16,18.7,15,85
19,0,16,19,74
20,0,13.6,22,62
21,0,12.5,21,20
22,0,11.2,21,16
23,0,10.1,22,10
0,0,9.2,23,5
1,0,8.4,24,0
2,0,7.8,25,0
3,0,7.7,27,0
4,0,7.3,28,0
5,0,6.5,30,0
6,1.09,5.8,32,0
7,12.86,5.8,34,0
8,24.67,8.9,31,0
9,35.46,13.9,22,0
10,44.83,17.4,14,0
11,51.57,19.3,10,0
12,54.1,20.5,8,0
13,51.55,21.2,7,0
14,44.79,21.6,7,0
15,35.42,21.8,7,0
16,24.62,21.6,7,1
17,13.12,21.1,8,2
18,1.34,19.5,12,0
19,0,17.1,15,0
20,0,13,20,0
21,0,10.5,23,0
22,0,9.6,23,0
23,0,8.9,23,0
0,0,8.2,22,0
1,0,7.5,22,0
2,0,6.8,23,0
3,0,6.6,23,0
4,0,6.7,22,0
5,0,6.7,21,0
6,1.39,6.3,21,0
7,13.16,5.9,24,0
8,24.99,8.8,25,0
9,35.8,14.3,18,0
10,45.2,18.1,14,0
11,51.97,20.8,11,0
12,54.5,22.8,9,4
13,51.9,24.1,8,14
14,45.07,25.1,7,31
15,35.65,25,7,39
16,24.82,24.9,6,44
17,13.3,24.4,7,43
18,1.52,22.3,11,23
19,0,18.9,14,4
20,0,16.5,15,7
21,0,14.6,17,17
22,0,13,18,19
23,0,11.8,19,26
0,0,11.3,19,21
1,0,11.2,18,30
2,0,11.3,17,29
3,0,11.2,17,30
4,0,11.3,17,30
5,0,10.9,17,30
6,1.7,10.5,18,30
7,13.47,10.5,20,30
8,25.3,12.2,22,31
9,36.14,16.3,20,28
10,45.57,19.6,16,26
11,52.37,22,13,27
12,54.89,23.4,12,26
13,52.24,24.1,12,28
14,45.35,24.4,12,29
15,35.88,24.4,12,54
16,25.02,24.1,11,53
17,13.48,22.8,15,42
18,1.7,20.8,19,32
19,0,18.7,21,30
20,0,17,23,31
21,0,15,26,30
22,0,12.4,30,29
23,0,9.8,34,28
0,0,7.7,36,27
1,0,6.2,37,24
2,0,5.2,40,20
3,0,4.4,42,38
4,0,3.9,44,37
5,0,3.3,46,39
6,2,2.8,48,76
7,13.78,2.8,49,87
8,25.62,4.4,44,80
9,36.48,5.3,40,62
10,45.93,6.5,36,66
11,52.76,7.8,33,89
12,55.28,8.5,32,89
13,52.58,8.7,32,90
14,45.63,8.3,35,69
15,36.1,8,39,15
16,25.21,8.6,38,17
17,13.66,8.5,38,8
18,1.88,7.8,39,0
19,0,6.6,42,0
20,0,5.6,46,0
21,0,4.7,52,0
22,0,4.1,52,0
23,0,3.3,56,0
0,0,3.5,54,0
1,0,3.4,55,0
2,0,2.9,56,0
3,0,0.9,67,0
4,0,0.1,71,0
5,0,-0.7,76,0
6,2.3,-1.4,80,0
7,14.08,-0.9,80,0
8,25.94,3.6,60,0
9,36.81,7,44,0
10,46.3,9.9,37,7
11,53.15,12.9,30,28
12,55.67,15.4,21,29
13,52.92,16.4,16,26
14,45.91,17,13,26
15,36.33,16.2,11,19
16,25.41,15.8,10,0
17,13.84,15,9,0
18,2.06,13.7,10,0
19,0,11.4,11,0
20,0,9.6,13,0
21,0,8,15,0
22,0,6.4,17,0
23,0,4.7,21,0
0,0,3.3,24,0
1,0,2,27,0
2,0,1.1,28,0
3,0,0.6,29,0
4,0,0.2,30,0
5,0,0,30,0
6,2.6,-0.1,31,0
7,14.39,0.4,32,0
8,26.25,4.3,23,0
9,37.15,6.7,15,0
10,46.67,7.9,13,0
11,53.55,9.3,12,1
12,56.05,10.3,11,11
13,53.26,11.4,10,10
14,46.18,12.1,10,7
15,36.55,12.6,9,13
16,25.6,12.6,9,7
17,14.02,12.4,8,0
18,2.23,11.6,10,0
19,0,9.8,12,0
20,0,7.7,14,0
21,0,5.8,17,0
22,0,4.4,19,0
23,0,3.3,21,0
0,0,2.3,24,0
1,0,1.2,26,0
2,0,-0.1,29,0
3,0,-1.1,36,0
4,0,-1.7,37,0
5,0,-2.3,37,0
6,2.91,-2.6,38,0
7,14.69,-2,42,0
8,26.56,3.3,31,0
9,37.48,8.6,17,0
10,47.03,10.8,13,0
11,53.94,12.2,13,0
12,56.44,13.6,12,20
13,53.59,15.3,12,47
14,46.45,16.1,11,56
15,36.78,16.5,10,55
16,25.79,17.1,10,54
17,14.2,17,9,46
18,2.41,15.8,11,8
19,0,13.4,14,0
20,0,10.9,17,0
21,0,9.1,19,0
22,0,8,20,0
23,0,7.3,21,0
0,0,6.8,21,0
1,0,6.4,22,0
2,0,5.6,23,0
3,0,3.6,30,0
4,0,2.4,35,0
5,0,1.4,38,0
6,3.21,0.4,42,0
7,14.99,0.3,52,0
8,26.87,5.7,48,0
9,37.81,9.9,19,0
10,47.39,11.6,17,0
11,54.33,13,15,0
12,56.82,14.3,14,0
13,53.92,15.4,14,0
14,46.72,16.1,13,7
15,36.99,16.4,14,3
16,25.98,16.3,14,4
17,14.37,15.6,14,12
18,2.59,14.2,15,29
19,0,12.3,17,30
20,0,11,18,30
21,0,10.4,20,27
22,0,10.4,19,4
23,0,7.7,25,29
0,0,5.2,32,28
1,0,3.7,36,29
2,0,2.9,40,30
3,0,2.8,41,30
4,0,2.5,42,29
5,0,1.9,44,29
6,3.5,1.4,48,29
7,15.29,1.9,55,27
8,27.18,6.6,42,28
9,38.14,11.4,23,12
10,47.75,13.6,20,0
11,54.72,14.7,18,1
12,57.21,15.8,18,20
13,54.25,16.6,17,29
14,46.98,17.2,16,30
15,37.21,17.6,15,30
16,26.17,17.5,15,29
17,14.55,16.8,16,2
18,2.76,15.7,17,25
19,0,13.9,20,2
20,0,12.1,23,0
21,0,12.3,22,0
22,0,11.6,23,2
23,0,11,24,0
0,0,10.1,26,0
1,0,9.1,28,0
2,0,6.6,34,0
3,0,2.9,46,0
4,0,1.8,51,0
5,0,1,55,0
6,3.8,0.5,58,0
7,15.59,1.4,61,0
8,27.49,6.9,44,0
9,38.47,12,28,0
10,48.11,14.8,23,0
11,55.1,17.2,20,0
12,57.59,19.3,19,0
13,54.58,20.9,18,0
14,47.25,22,17,7
15,37.43,22.1,17,6
16,26.36,21.9,17,19
17,14.73,21,17,9
18,2.94,19.2,19,11
19,0,16.7,21,8
20,0,15.2,23,29
21,0,13.5,27,29
22,0,11.3,33,29
23,0,9.7,38,29
0,0,8.7,42,29
1,0,8.1,44,26
2,0,7.7,46,23
3,0,7.1,48,24
4,0,6.9,49,21
5,0,7.4,47,18
6,4.1,7.9,45,20
7,15.89,9.2,42,22
8,27.79,13.2,35,24
9,38.79,18.4,26,24
10,48.46,22.1,21,22
11,55.48,24.4,17,23
12,57.97,26,14,25
13,54.9,26.9,12,25
14,47.51,27.4,11,23
15,37.64,27.3,10,20
16,26.55,27.1,10,21
17,14.9,26.9,11,24
18,3.11,25.4,14,4
19,0,21.8,19,3
20,0,18.3,23,2
21,0,16.8,24,3
22,0,15.6,24,6
23,0,14.4,24,5
0,0,13.4,25,6
1,0,12.3,27,8
2,0,11.5,30,4
3,0,9.9,31,3
4,0,9.6,32,1
5,0,9,33,3
6,4.39,9,36,5
7,16.18,11.5,33,5
8,28.09,14.9,30,8
9,39.11,17.1,22,7
10,48.81,18.5,20,2
11,55.87,20.2,19,5
12,58.34,22.2,18,14
13,55.23,24.1,17,10
14,47.76,25.6,16,9
15,37.85,26.3,16,8
16,26.73,26.3,16,2
17,15.07,25.5,18,1
18,3.28,23.6,23,1
19,0,21.1,26,0
20,0,18.9,31,3
21,0,16.1,35,2
22,0,14.2,38,0
23,0,13.7,39,0
0,0,12,40,1
1,0,10.2,37,1
2,0,9.1,35,8
3,0,9.3,33,7
4,0,8.9,32,7
5,0,8.7,31,17
6,4.68,8.5,31,20
7,16.47,8.6,29,24
8,28.39,9.7,23,22
9,39.43,11.4,20,22
10,49.16,13,19,23
11,56.25,14.6,18,28
12,58.72,16,17,33
13,55.55,17.3,16,27
14,48.02,18.2,16,28
15,38.06,18.5,15,24
16,26.91,18.4,16,16
17,15.24,18,16,42
18,3.46,17.1,17,30
19,0,15.8,19,21
20,0,14.2,24,8
21,0,14.1,22,21
22,0,13.6,23,19
23,0,12.9,25,35
0,0,12.2,26,56
1,0,10.7,32,56
2,0,10.7,33,43
3,0,9.7,37,16
4,0,8.7,41,9
5,0,7.9,44,9
6,4.97,8.7,41,19
7,16.76,8.6,42,12
8,28.69,10,38,1
9,39.75,12.1,33,0
10,49.51,13.9,30,0
11,56.62,15.6,28,0
12,59.09,17.3,26,14
13,55.87,19.2,24,15
14,48.27,20.7,23,30
15,38.27,21.7,22,29
16,27.09,21.5,23,27
17,15.41,20.5,25,30
18,3.63,19.1,27,36
19,0,17.3,30,37
20,0,16.1,33,44
21,0,14.6,36,40
22,0,13.4,38,48
23,0,12.5,40,29
0,0,11.4,42,30
1,0,10.2,45,29
2,0,9.3,47,30
3,0,8.4,49,40
4,0,7.4,53,36
5,0,6.7,56,33
6,5.26,6.4,59,38
7,17.05,6.9,55,59
8,28.98,8.4,42,60
9,40.06,8.9,37,67
10,49.86,9.7,32,65
11,57,10.9,27,54
12,59.46,11.4,25,44
13,56.18,11.8,24,64
14,48.52,12.4,24,89
15,38.47,13.2,26,97
16,27.27,13,27,100
17,15.58,12.7,28,100
18,3.8,12.1,31,99
19,0,11,37,100
20,0,9.2,60,99
21,0,7.6,76,93
22,0,6.7,83,94
23,0,6,85,100
0,0,5.2,85,100
1,0,4.3,85,100
2,0,3.1,87,100
3,0,3,83,100
4,0,1.9,91,100
5,0,1.3,95,100
6,5.55,1.1,96,100
7,17.34,1,96,100
8,29.28,1,95,100
9,40.38,1.7,93,100
10,50.2,2.1,92,100
11,57.37,2.3,91,100
12,59.83,2.8,89,100
13,56.49,3.6,81,100
14,48.77,4.4,76,100
15,38.68,4.8,72,100
16,27.45,5.2,69,100
17,15.75,5.5,66,100
18,3.97,5.4,65,100
19,0,5.2,66,100
20,0,5,67,100
21,0,4.8,70,82
22,0,4.2,73,57
23,0,3.1,80,29
0,0,2,85,20
1,0,1.4,88,4
2,0,0.7,91,11
3,0,0.3,91,22
4,0,0.4,89,19
5,0,0.5,89,14
6,5.83,0.3,89,23
7,17.62,1.5,88,23
8,29.56,5.9,67,24
9,40.68,8.6,56,26
10,50.54,10.7,50,27
11,57.74,12.4,44,36
12,60.2,13.7,40,53
13,56.8,15,36,86
14,49.02,15.8,34,98
15,38.88,15.2,33,89
16,27.63,15,34,22
17,15.92,14.1,37,42
18,4.15,12.7,42,35
19,0,11.3,47,56
20,0,10.5,51,61
21,0,9.7,55,55
22,0,9,62,66
23,0,8,73,95
0,0,7.1,86,81
1,0,6.6,87,69
2,0,5.8,90,37
3,0,5.3,90,27
4,0,4.3,92,22
5,-5.48,3.4,93,34
6,6.11,2.6,94,54
7,17.9,4,94,90
8,29.85,7.5,77,50
9,40.99,9.8,64,12
10,50.87,11.6,52,40
11,58.11,12.4,46,22
12,60.56,13.5,41,11
13,57.11,14.8,39,25
14,49.26,15.4,37,18
15,39.08,15.9,32,24
16,27.81,15.8,31,22
17,16.09,15.3,32,23
18,4.32,14.5,34,4
19,0,13,39,0
20,0,10.7,46,0
21,0,9.2,52,0
22,0,8.1,56,0
23,0,7.2,60,0
0,0,6.4,63,0
1,0,5.7,66,0
2,0,4.9,69,7
3,0,4.2,75,43
4,0,4.2,74,61
5,-5.19,4,72,26
6,6.39,3.4,73,55
7,18.18,4.4,69,60
8,30.13,8.9,55,61
9,41.29,13.3,40,56
10,51.2,15.5,33,67
11,58.47,17.1,33,65
12,60.92,18.4,31,67
13,57.41,19.2,29,58
14,49.5,19.8,28,40
15,39.28,21.1,23,34
16,27.98,21.1,23,64
17,16.26,20.2,27,74
18,4.49,18.5,34,33
19,0,16.2,41,4
20,0,14.6,46,5
21,0,13.5,50,12
22,0,12.9,52,16
23,0,12.5,53,1
0,0,12,56,0
1,0,11.2,60,0
2,0,10.5,63,1
3,0,9.5,67,5
4,0,9.3,68,6
5,-4.91,9,68,43
6,6.67,9,68,56
7,18.45,10.3,65,86
8,30.41,13.2,59,86
9,41.58,15.2,54,80
10,51.53,17.7,45,47
11,58.83,19.8,39,41
12,61.28,20.7,35,53
13,57.72,20.9,34,57
14,49.74,21.2,34,39
15,39.47,17.3,52,37
16,28.15,16.7,53,53
17,16.42,16.7,52,62
18,4.66,15.5,61,26
19,0,13.4,74,3
20,0,12.1,80,0
21,0,10.5,85,0
22,0,8.9,87,0
23,0,8.4,83,0
0,0,7.9,72,0
1,0,7.4,59,0
2,0,6.5,51,0
3,0,5.7,38,0
4,0,5,37,0
5,-4.63,4.6,36,0
6,6.94,4.2,36,0
7,18.72,5.4,39,0
8,30.68,9.5,35,0
9,41.88,14,23,0
10,51.86,16.6,15,0
11,59.19,18,14,0
12,61.64,19.1,14,0
13,58.01,20.1,14,0
14,49.97,20.8,14,0
15,39.66,21.3,13,0
16,28.32,21.7,13,0
17,16.59,21.5,13,0
18,4.83,20.1,20,0
19,0,17.4,25,0
20,0,14.6,31,0
21,0,11.9,37,1
22,0,10.6,37,11
23,0,9.6,35,14
0,0,9.1,31,13
1,0,8.7,31,10
2,0,8.2,31,15
3,0,7.9,35,11
4,0,7.6,36,5
5,-4.35,7.1,37,1
6,7.21,6.6,39,0
7,18.99,7.8,40,0
8,30.96,11.8,37,0
9,42.17,16.6,29,0
10,52.18,19.8,21,0
11,59.55,21.8,17,0
12,61.99,23.1,15,0
13,58.31,23.9,15,1
14,50.21,24.5,16,11
15,39.86,24.7,18,36
16,28.5,24.4,19,45
17,16.75,23.3,21,55
18,5,21.4,24,58
19,0,19.2,30,76
20,0,17.4,40,71
21,0,16,51,71
22,0,14.9,59,73
23,0,14.1,63,67
0,0,13.4,68,84
1,0,12.9,72,86
2,0,12.4,75,84
3,0,12.5,71,77
4,0,11.8,73,53
5,-4.07,10.6,77,7
6,7.48,9.7,80,9
7,19.26,10.5,77,2
8,31.22,14.9,58,2
9,42.45,18.4,44,0
10,52.49,21,36,1
11,59.9,22.9,29,5
12,62.34,24.2,25,10
13,58.6,25.1,22,15
14,50.44,25.6,19,9
15,40.05,26.2,17,2
16,28.66,26.3,16,4
17,16.91,25.9,17,0
18,5.16,24,24,0
19,0,21.2,31,0
20,0,19.5,36,2
21,0,18.1,40,2
22,0,16.3,45,10
23,0,14.6,50,11
0,0,13.2,52,10
1,0,12,53,7
2,0,11.1,52,0
3,0,10.5,58,12
4,0,9.8,58,4
5,-3.8,9.3,58,0
6,7.74,8.9,59,0
7,19.52,10.2,59,0
8,31.49,15.3,46,0
9,42.74,20,35,0
10,52.81,23.6,28,0
11,60.25,27.1,23,0
12,62.69,29.7,20,3
13,58.89,31.5,18,2
14,50.66,32.9,17,1
15,40.23,32.8,18,4
16,28.83,32.9,18,3
17,17.08,31.7,23,0
18,5.33,29.2,33,0
19,0,26.5,39,0
20,0,23.5,47,9
21,0,20.4,53,20
22,0,18.4,57,23
23,0,16.9,58,21
0,0,16.2,56,11
1,0,15.8,55,15
2,0,15.5,56,17
3,0,15.9,70,3
4,0,17.3,60,0
5,-3.53,15.4,65,0
6,8,14.3,64,0
7,19.77,16.1,45,0
8,31.75,19,27,0
9,43.01,19.2,32,0
10,53.11,19.3,33,2
11,60.59,19.9,30,4
12,63.03,20.5,27,4
13,59.18,20.8,26,0
14,50.89,21.1,25,4
15,40.42,21.4,26,22
16,29,21.1,25,23
17,17.24,20.2,25,13
18,5.5,18.9,26,8
19,0,17.2,28,14
20,0,15.5,30,32
21,0,14.4,32,37
22,0,13.5,33,50
23,0,13.1,34,48
0,0,12.3,36,44
1,0,11.5,37,51
2,0,11,37,50
3,0,10.5,36,68
4,0,9.9,37,70
5,-3.26,9.5,38,90
6,8.26,9.5,38,100
7,20.03,9.7,37,100
8,32,10.4,34,100
9,43.29,10.8,32,100
10,53.42,11.7,28,100
11,60.93,12.6,27,100
12,63.37,13.1,26,100
13,59.46,13.7,25,100
14,51.11,14,25,100
15,40.6,12.9,26,100
16,29.16,13,26,100
17,17.4,12.8,27,100
18,5.67,12.8,27,100
19,0,12.5,28,83
20,0,12,31,41
21,0,11.6,32,57
22,0,10.6,38,70
23,0,9.8,43,66
0,0,9.8,45,62
1,0,9.7,46,56
2,0,9.7,47,52
3,0,8.7,62,52
4,0,8.7,63,54
5,-3,8.7,61,47
6,8.51,8,71,68
7,20.28,8.8,61,89
8,32.26,10.3,50,80
9,43.56,11.8,45,77
10,53.72,12.9,44,89
11,61.27,14.1,44,87
12,63.71,15.9,44,86
13,59.74,17.5,45,90
14,51.33,18.3,46,90
15,40.79,18.9,49,90
16,29.33,18.9,51,90
17,17.56,18.2,57,89
18,5.83,17.2,64,90
19,0,15.9,72,89
20,0,14.9,79,77
21,0,14,84,52
22,0,13.1,87,35
23,0,12.4,89,30
0,0,11.5,91,30
1,0,11.3,90,30
2,0,10.4,92,30
3,0,10.8,86,44
4,0,10.2,88,60
5,-2.74,8.6,95,62
6,8.76,8.1,96,89
7,20.52,8.8,94,80
8,32.5,11.1,76,64
9,43.82,12.8,69,43
10,54.01,14.8,60,34
11,61.6,16.6,53,28
12,64.04,18.3,47,25
13,60.02,19.6,44,29
14,51.55,20.8,41,29
15,40.97,21.3,40,29
16,29.49,21.2,40,28
17,17.72,20.3,42,27
18,6,19.6,45,27
19,0,18.1,50,25
20,0,16.4,59,24
21,0,16.1,58,14
22,0,14,68,5
23,0,11.8,78,2
0,0,10.6,85,0
1,0,9.6,90,0
2,0,9.2,92,1
3,0,9.4,90,4
4,0,9.1,91,12
5,-2.48,8.8,91,15
6,9.01,8.6,92,17
7,20.77,10.6,87,21
8,32.75,15.7,64,20
9,44.08,18.6,55,24
10,54.3,20.8,50,27
11,61.93,22.7,46,28
12,64.37,23.9,45,29
13,60.29,24.8,44,37
14,51.76,25.2,44,61
15,41.14,24.9,45,96
16,29.65,24.1,48,71
17,17.88,22.8,54,57
18,6.16,21.3,61,37
19,-5.19,19.6,69,28
20,0,18.1,77,28
21,0,16.8,84,24
22,0,16.2,87,2
23,0,15.8,89,2
0,0,14.1,93,6
1,0,12.6,96,11
2,0,11.9,97,3
3,0,11.9,95,0
4,0,11.2,96,2
5,-2.23,10.8,97,2
6,9.25,10.7,97,16
7,21.01,12.9,91,14
8,32.99,16.4,75,14
9,44.33,19.7,63,15
10,54.59,22.1,56,12
11,62.25,23.9,51,13
12,64.7,25.2,48,18
13,60.56,26.1,45,18
14,51.98,26.7,43,23
15,41.32,26.2,43,32
16,29.81,26,44,18
17,18.03,25.2,47,13
18,6.33,23.8,54,13
19,-5.01,21.7,63,17
20,0,20.1,72,26
21,0,18.9,78,28
22,0,17.6,85,26
23,0,16.7,90,53
0,0,15.8,92,93
1,0,15.1,93,90
2,0,14.4,95,77
3,0,17.1,87,67
4,0,16.9,88,66
5,-1.98,15.7,93,38
6,9.49,14.9,96,35
7,21.24,15.9,94,55
8,33.22,18.6,81,59
9,44.59,20.2,72,67
10,54.87,22.4,62,100
11,62.57,23,60,100
12,65.02,22.8,60,100
13,60.83,23.1,59,100
14,52.18,23.2,60,100
15,41.5,23.1,60,100
16,29.97,21.3,68,100
17,18.19,19,88,100
18,6.49,14.2,93,100
19,-4.82,9.2,90,100
20,0,8.9,89,100
21,0,8.4,89,100
22,0,7.9,90,100
23,0,7.8,86,100
0,0,7.8,79,100
1,0,7.5,79,100
2,0,6.9,81,100
3,0,6.7,78,100
4,0,6.3,81,100
5,-1.73,6.1,81,100
6,9.72,5.9,82,100
7,21.47,5.7,83,100
8,33.45,5.7,83,100
9,44.83,5.9,82,100
10,55.15,6.2,80,100
11,62.89,7.3,74,100
12,65.34,8,70,98
13,61.09,8.7,67,100
14,52.39,10,62,100
15,41.67,10.9,59,100
16,30.13,11.2,58,99
17,18.35,10.9,58,83
18,6.66,10.7,59,82
19,-4.65,10,62,75
20,0,9.6,64,91
21,0,9.2,69,54
22,0,8.1,81,51
23,0,7.9,84,64
0,0,7.7,90,63
1,0,7.4,88,86
2,0,7.1,91,95
3,0,7.1,87,61
4,0,6.9,90,64
5,-1.49,6.5,94,80
6,9.95,6.3,94,100
7,21.69,6.6,90,100
8,33.67,6.9,87,100
9,45.07,7.8,80,100
10,55.42,8.5,75,90
11,63.2,9.1,72,90
12,65.66,11.2,63,90
13,61.36,12.2,59,90
14,52.59,13.4,55,81
15,41.84,13.1,55,86
16,30.29,13.3,53,84
17,18.5,13,53,51
18,6.82,12.6,54,44
19,-4.47,11.8,58,32
20,0,10.6,67,30
21,0,9.7,70,29
22,0,9.7,68,41
23,0,8.5,74,46
0,0,8.3,75,36
1,0,9.5,68,47
2,0,9.5,68,61
3,0,8.8,72,92
4,0,8.6,75,99
5,-1.26,8.2,79,98
6,10.17,8,83,95
7,21.92,8.2,82,100
8,33.9,8.4,83,100
9,45.31,8.3,89,100
10,55.68,8.3,90,100
11,63.51,8.1,84,100
12,65.97,7.8,82,100
13,61.61,7.5,85,100
14,52.8,8.1,84,100
15,42.01,7.8,85,100
16,30.44,8,81,100
17,18.65,8.3,78,100
18,6.98,8.1,78,100
19,-4.29,7.9,80,100
20,0,7.7,82,96
21,0,7.6,82,93
22,0,7.6,82,88
23,0,7.3,84,72
0,0,7.2,85,80
1,0,6.8,87,56
2,0,6.2,91,52
3,0,5.8,93,37
4,0,5,96,57
5,-1.02,4.3,96,79
6,10.4,4.1,95,74
7,22.13,5.6,90,71
8,34.11,8.4,79,64
9,45.54,10.7,68,54
10,55.94,12.5,62,51
11,63.81,14.4,58,42
12,66.28,15.7,55,32
13,61.87,16.5,55,30
14,53,17,54,30
15,42.18,16.8,56,30
16,30.6,16.7,57,30
17,18.81,16,59,30
18,7.14,14.9,65,30
19,-4.11,13.6,71,35
20,0,12.4,76,56
21,0,11.6,83,36
22,0,11.1,83,29
23,0,10.3,86,26
0,0,9.4,90,9
1,0,8.5,93,0
2,0,7.6,95,0
3,0,6.8,95,0
4,0,6.2,96,0
5,-0.8,5.8,96,0
6,10.61,5.7,96,0
7,22.35,8.3,91,0
8,34.32,12.9,74,0
9,45.76,16,64,0
10,56.2,18.5,58,0
11,64.11,20.6,54,0
12,66.59,22.4,51,0
13,62.12,23.6,49,2
14,53.19,24.5,48,4
15,42.34,24.6,49,4
16,30.75,24.2,52,0
17,18.96,23.4,55,0
18,7.3,22.1,62,13
19,-3.93,20.5,68,31
20,0,18.7,74,36
21,0,17.1,77,66
22,0,16.6,69,60
23,0,16.6,52,46
0,0,16.7,37,29
1,0,16.3,30,6
2,0,15.3,30,0
3,0,13.4,40,8
4,0,12.5,40,19
5,-0.57,12,40,52
6,10.83,12.5,40,46
7,22.55,13.4,45,15
8,34.53,16.2,45,1
9,45.98,18.8,34,0
10,56.45,19.9,26,0
11,64.4,20.5,24,0
12,66.89,21,22,0
13,62.36,21.3,20,0
14,53.39,21.5,18,0
15,42.51,21.5,18,0
16,30.9,21.3,17,0
17,19.11,20.9,18,0
18,7.46,19.8,24,0
19,-3.76,18,28,0
20,0,15,32,0
21,0,12.8,34,0
22,0,11.1,37,14
23,0,9.9,40,25
0,0,9.1,42,27
1,0,8.5,43,27
2,0,8.1,43,26
3,0,8.6,45,27
4,0,7.9,47,26
5,-0.35,7.2,49,26
6,11.03,6.8,56,21
7,22.76,9.1,65,21
8,34.73,15.1,50,20
9,46.2,19.3,31,9
10,56.69,21.4,20,5
11,64.69,22.4,17,5
12,67.18,23.1,16,9
13,62.61,23.6,17,6
14,53.58,23.9,17,1
15,42.67,23.9,17,1
16,31.05,23.7,17,1
17,19.26,23.3,18,1
18,7.62,22,28,1
19,-3.58,19.8,32,4
20,0,16.8,39,9
21,0,14.2,43,11
22,0,12.2,49,4
23,0,10.9,54,6
0,0,10.2,57,6
1,0,9.6,59,3
2,0,9.2,61,1
3,0,9.9,55,0
4,0,10,52,0
5,-0.14,9.8,52,0
6,11.24,9.6,55,0
7,22.95,11.4,56,3
8,34.92,15.5,51,10
9,46.41,19.5,42,9
10,56.93,22.3,33,1
11,64.97,24.2,27,3
12,67.48,25.3,22,23
13,62.85,25.9,19,5
14,53.76,26.2,18,0
15,42.83,26.5,16,0
16,31.2,26.2,17,0
17,19.41,25.2,21,4
18,7.78,23.3,28,4
19,-3.41,20.8,32,0
20,0,18.6,36,2
21,0,16.3,42,0
22,0,14,48,0
23,0,12.7,51,5
0,0,11.7,53,16
1,0,11,55,12
2,0,10.5,56,4
3,0,10.4,55,0
4,0,9.8,58,0
5,0.07,9.3,60,0
6,11.44,9.1,63,0
7,23.15,11.2,64,24
8,35.12,16.1,56,30
9,46.61,20.4,42,30
10,57.17,22.6,33,30
11,65.24,24.2,30,30
12,67.76,25.5,29,31
13,63.08,26.3,27,32
14,53.95,26.6,25,36
15,42.99,25.9,25,30
16,31.35,25.3,27,30
17,19.56,24.2,32,30
18,7.94,22.7,35,30
19,-3.23,21.1,38,29
20,0,19.7,41,30
21,0,18.4,48,30
22,0,16.6,54,30
23,0,15,60,30
0,0,13.8,65,30
1,0,13.3,68,31
2,0,13,70,35
3,0,12.4,72,37
4,0,11.6,76,33
5,0.28,11.1,79,12
6,11.63,11.1,81,2
7,23.34,13.3,80,2
8,35.3,18,60,0
9,46.81,20.7,49,0
10,57.39,22.4,44,0
11,65.51,23.7,41,1
12,68.05,24.7,38,5
13,63.32,25.4,36,9
14,54.13,25.7,34,16
15,43.14,25.9,32,14
16,31.5,26,32,13
17,19.71,25.6,34,9
18,8.1,24.6,41,6
19,-3.06,23,48,19
20,0,21.3,56,10
21,0,19.8,60,8
22,0,16.8,71,4
23,0,15.5,76,17
0,0,15,77,27
1,0,14.6,77,28
2,0,14.2,78,26
3,0,14.1,72,22
4,0,13.4,75,20
5,0.48,12.9,78,20
6,11.82,13,81,28
7,23.52,16,62,29
8,35.48,18.6,42,30
9,47,19.3,38,31
10,57.62,19.8,35,42
11,65.78,19.8,33,39
12,68.33,19.6,31,36
13,63.55,19.8,28,32
14,54.31,20.1,26,31
15,43.3,21.3,23,29
16,31.64,21,22,35
17,19.85,20.3,21,33
18,8.25,19.3,23,34
19,-2.89,18,25,29
20,0,16.5,32,28
21,0,14.2,40,29
22,0,12.8,44,30
23,0,12.2,50,30
0,0,12.1,51,30
1,0,11.8,52,30
2,0,11.1,55,30
3,0,11.3,56,30
4,0,11.6,55,30
5,0.68,11.2,56,30
6,12,10.9,58,30
7,23.7,11.5,60,30
8,35.66,13.5,52,30
9,47.19,15.3,43,30
10,57.83,16.9,33,30
11,66.04,18.2,24,29
12,68.6,19,22,29
13,63.77,19.6,21,35
14,54.49,20.1,21,41
15,43.45,20.1,23,30
16,31.79,20.3,24,40
17,20,19.9,24,30
18,8.41,18.9,26,30
19,-2.72,17.1,29,30
20,0,15.6,31,30
21,0,14.5,35,30
22,0,13.1,42,30
23,0,12,47,30
0,0,11.1,53,30
1,0,10.1,59,30
2,0,9.4,64,30
3,0,9.2,67,30
4,0,8.6,70,30
5,0.87,8.2,72,30
6,12.18,8.4,73,29
7,23.87,11.1,69,28
8,35.83,16,51,28
9,47.37,19,37,28
10,58.04,20.9,31,29
11,66.29,22.5,27,29
12,68.87,23.5,22,29
13,63.99,24.2,20,30
14,54.67,24.5,19,30
15,43.6,24.5,19,30
16,31.93,24.2,20,30
17,20.15,23.5,21,30
18,8.56,22.1,24,30
19,-2.55,20.1,26,30
20,0,18.4,28,30
21,0,17.2,31,34
22,0,15.8,37,36
23,0,14.6,42,39
0,0,14.2,45,50
1,0,14,47,59
2,0,14.4,45,75
3,0,14.7,45,84
4,0,14.5,46,85
5,1.06,14.5,48,83
6,12.36,14.7,49,86
7,24.04,16,48,86
8,35.99,17.9,45,88
9,47.55,19.7,41,86
10,58.25,21.1,38,87
11,66.54,22.1,37,83
12,69.14,22.7,36,84
13,64.21,23.2,35,81
14,54.84,23.5,34,81
15,43.75,23,33,84
16,32.07,21.5,40,91
17,20.29,20.8,43,89
18,8.71,19.8,49,82
19,-2.39,18.4,56,50
20,0,17,64,32
21,0,15.9,69,36
22,0,15.4,70,32
23,0,15,68,29
0,0,14.7,65,26
1,0,14.5,61,17
2,0,14.2,59,5
3,0,13.8,58,3
4,0,13,60,6
5,1.24,12.3,62,18
6,12.53,12.1,62,21
7,24.2,14.1,58,14
8,36.15,17.6,48,12
9,47.72,20.9,39,11
10,58.44,23.6,26,10
11,66.79,25.4,19,10
12,69.4,26.3,17,12
13,64.43,26.8,17,6
14,55.01,27.1,16,4
15,43.9,27,16,5
16,32.21,26.8,16,4
17,20.43,26.3,17,0
18,8.86,25.2,22,10
19,-2.22,23,28,30
20,0,20.8,33,37
21,0,18.9,39,34
22,0,17.2,44,37
23,0,16.4,47,31
0,0,15.6,50,32
1,0,14.8,53,37
2,0,14.1,57,58
3,0,14.9,51,74
4,0,15,49,80
5,1.42,15.3,48,70
6,12.69,15.5,48,26
7,24.36,17.2,46,11
8,36.31,19.8,40,17
9,47.89,22,33,22
10,58.63,23.5,29,20
11,67.02,24.7,27,23
12,69.66,25.5,26,19
13,64.64,26.2,26,29
14,55.18,26.5,26,34
15,44.05,27.1,22,47
16,32.35,24.2,34,33
17,20.57,22.7,41,28
18,9.01,22.3,42,26
19,-2.05,21,46,23
20,0,19.1,52,25
21,0,17.5,58,29
22,0,16.5,61,24
23,0,15.7,64,21
0,0,15.1,65,16
1,0,14.5,67,11
2,0,13.9,69,4
3,0,13.4,71,0
4,0,13,73,0
5,1.59,12.6,74,0
6,12.85,12.5,74,0
7,24.52,14.7,68,0
8,36.45,18.6,56,0
9,48.04,21.8,45,0
10,58.82,23.8,39,1
11,67.25,25.3,35,5
12,69.91,26.6,32,9
13,64.85,27.4,30,16
14,55.35,27.8,28,14
15,44.19,26.5,32,9
16,32.49,24.7,38,6
17,20.71,24.3,39,12
18,9.16,23.8,41,23
19,-1.89,22.6,46,26
20,0,20.8,53,14
21,0,19,60,7
22,0,17.2,68,8
23,0,15.9,74,4
0,0,15.1,78,4
1,0,14.4,80,2
2,0,13.8,82,1
3,0,13.5,87,1
4,0,13,87,1
5,1.76,12.5,88,15
6,13.01,12.5,87,30
7,24.67,15.5,76,29
8,36.6,19.3,59,60
9,48.2,22.2,46,73
10,59,24.3,38,34
11,67.48,25.2,34,20
12,70.16,25.8,27,30
13,65.05,24.9,23,15
14,55.51,23.6,21,1
15,44.33,22.8,16,0
16,32.62,22.2,16,1
17,20.85,21.3,15,2
18,9.31,20.5,15,3
19,-1.73,18.9,18,4
20,0,17.1,20,7
21,0,15.6,22,10
22,0,14.4,24,11
23,0,13.4,25,7
0,0,12.2,28,3
1,0,11,30,0
2,0,10.2,31,0
3,0,10.1,30,0
4,0,9.4,30,0
5,1.92,8.7,31,0
6,13.16,8.5,36,0
7,24.81,10.9,38,0
8,36.74,14.9,23,0
9,48.35,17.1,17,0
10,59.17,18.8,15,0
11,67.7,20.4,15,0
12,70.4,22,15,0
13,65.25,23.3,14,0
14,55.67,24.5,14,0
15,44.47,25.1,14,0
16,32.76,25.5,14,0
17,20.99,25,16,4
18,9.45,23,22,8
19,-1.57,20.3,28,2
20,0,18.3,33,0
21,0,16.9,38,0
22,0,15,45,0
23,0,13.2,51,0
0,0,11.9,55,0
1,0,11,56,0
2,0,10.4,58,2
3,0,9.6,63,2
4,0,9.4,62,3
5,2.08,9.3,61,14
6,13.3,9.7,61,13
7,24.95,13,55,30
8,36.87,17.3,43,30
9,48.49,20.5,36,30
10,59.34,23.2,31,30
11,67.91,25.3,29,30
12,70.64,26.9,27,30
13,65.45,27.8,25,30
14,55.83,27.6,25,30
15,44.61,25.8,29,30
16,32.89,25.5,30,31
17,21.12,25.1,31,31
18,9.6,24,37,34
19,-1.41,22.7,42,39
20,0,21.1,49,36
21,0,20,51,34
22,0,18.9,54,10
23,0,16.7,61,10
0,0,15.4,66,14
1,0,14.4,70,2
2,0,13.7,73,0
3,0,13.3,73,0
4,0,13,75,0
5,2.23,12.6,77,0
6,13.44,12.7,78,0
7,25.08,15.7,69,0
8,37,20.2,54,2
9,48.63,24,43,5
10,59.5,26.7,36,18
11,68.12,28.7,32,20
12,70.87,28.5,33,22
13,65.64,29.2,30,29
14,55.98,29.9,27,28
15,44.75,30.7,27,31
16,33.02,30.8,25,24
17,21.26,30.2,25,29
18,9.74,28.7,33,27
19,-1.26,26.4,42,29
20,0,24.4,50,30
21,0,22.2,57,28
22,0,20.6,58,21
23,0,19.6,51,19
0,0,19,40,30
1,0,18.3,33,30
2,0,17.6,31,29
3,0,16.8,31,30
4,0,16.3,31,28
5,2.37,15.7,31,30
6,13.58,15.5,34,30
7,25.21,17.5,37,30
8,37.12,21.1,36,29
9,48.76,24.8,31,27
10,59.66,28.2,21,24
11,68.32,30.2,17,25
12,71.1,31.3,15,30
13,65.83,32,14,29
14,56.13,32,14,30
15,44.89,31.8,15,29
16,33.15,31.2,16,30
17,21.39,29.7,22,30
18,9.88,27.9,27,30
19,-1.1,26.2,31,30
20,0,24.6,34,30
21,0,23,39,30
22,0,21.4,44,24
23,0,20.4,47,6
0,0,19.5,49,0
1,0,18.9,49,0
2,0,18.4,46,0
3,0,18.1,42,0
4,0,18,39,0
5,2.52,17.6,40,0
6,13.71,17.3,43,0
7,25.33,19.1,44,0
8,37.24,22.9,38,0
9,48.88,25.9,32,0
10,59.81,28.1,28,0
11,68.51,29.8,25,0
12,71.32,31.2,22,1
13,66.01,31.9,21,8
14,56.28,32.5,20,5
15,45.02,32.1,24,15
16,33.28,31.6,25,7
17,21.52,31,26,4
18,10.02,29.6,30,0
19,-0.95,27.6,34,0
20,0,25.9,38,0
21,0,24.4,43,0
22,0,23.1,48,0
23,0,21.8,55,17
0,0,20.6,61,31
1,0,19.4,67,38
2,0,18.6,71,38
3,0,18,73,33
4,0,17.7,77,36
5,2.65,17.2,83,42
6,13.83,17.2,87,80
7,25.45,19.1,79,98
8,37.35,20.3,75,100
9,49,21.5,70,100
10,59.95,23.3,62,100
11,68.7,24.7,56,100
12,71.53,26,52,100
13,66.2,27,49,100
14,56.43,27.2,48,100
15,45.15,26,51,100
16,33.41,26.1,52,72
17,21.65,25.7,53,100
18,10.16,24.9,56,94
19,-0.8,23.9,61,49
20,0,22.6,65,52
21,0,21.5,70,33
22,0,20.5,75,38
23,0,19.4,79,14
0,0,18.3,85,34
1,0,17.5,89,59
2,0,17.8,87,65
3,0,18.5,81,56
4,0,19.3,65,65
5,2.78,20.2,49,59
6,13.95,20.2,40,48
7,25.56,20.2,36,16
8,37.45,20.5,24,19
9,49.12,20.9,15,2
10,60.09,21.6,12,0
11,68.88,22.8,11,0
12,71.74,23.7,10,2
13,66.37,23.7,13,8
14,56.58,23.3,15,11
15,45.28,22.8,15,8
16,33.53,22.4,14,4
17,21.78,21.7,13,2
18,10.3,20.8,12,6
19,-0.65,19.4,12,1
20,0,17.9,10,0
21,0,16.8,10,0
22,0,15.7,11,2
23,0,14.6,12,11
0,0,13.7,14,4
1,0,13.2,14,2
2,0,13,15,0
3,0,13.8,13,0
4,0,14.2,13,0
5,2.91,14.4,13,0
6,14.07,14.6,15,0
7,25.67,16,16,0
8,37.56,17.9,15,0
9,49.22,19.5,14,0
10,60.22,21.1,13,0
11,69.05,22.5,12,0
12,71.95,23.7,12,0
13,66.55,24.8,12,0
14,56.72,25.7,11,0
15,45.41,26,11,0
16,33.66,26.1,11,0
17,21.91,25.7,11,0
18,10.43,24.8,13,0
19,-0.51,22.9,17,0
20,0,20.7,19,1
21,0,18.6,21,3
22,0,17,24,2
23,0,16,25,2
0,0,15.4,26,11
1,0,15,26,28
2,0,14.9,25,29
3,0,15.4,23,24
4,0,15.4,22,7
5,3.03,15.2,22,0
6,14.18,15.3,24,4
7,25.77,17.7,24,11
8,37.65,21.7,20,20
9,49.33,25.1,16,19
10,60.34,27.1,13,19
11,69.22,28.4,12,19
12,72.15,29.4,12,16
13,66.72,30.2,11,16
14,56.86,30.8,11,13
15,45.53,31,11,13
16,33.78,31.2,11,0
17,22.03,30.9,11,0
18,10.56,30,13,0
19,-0.36,28.1,17,0
20,0,24.7,21,0
21,0,21.5,26,0
22,0,20.2,27,0
23,0,19.2,27,0
0,0,18.4,27,0
1,0,17.6,28,0
2,0,16.9,29,0
3,0,16.4,29,0
4,0,16,29,0
5,3.15,15.6,29,0
6,14.28,15.8,29,0
7,25.87,18.6,28,0
8,37.74,23.4,23,0
9,49.42,27.9,17,0
10,60.46,31,12,0
11,69.38,32.9,10,0
12,72.34,34.2,8,0
13,66.88,34.9,8,7
14,56.99,35.4,7,2
15,45.66,35.8,7,0
16,33.9,35.7,7,0
17,22.15,35.2,8,0
18,10.69,33.9,10,0
19,-0.22,31.4,13,0
20,0,27.2,18,0
21,0,24.3,22,0
22,0,22.9,23,0
23,0,22.2,23,0
0,0,21.8,21,0
1,0,21.5,19,0
2,0,21.5,18,0
3,0,23.1,15,0
4,0,22.4,15,0
5,3.26,21.4,16,0
6,14.38,20.8,18,0
7,25.96,22.7,20,0
8,37.83,26.8,18,0
9,49.52,30.9,14,0
10,60.57,33.9,11,0
11,69.54,35.9,9,0
12,72.53,37.2,8,0
13,67.04,38.1,8,0
14,57.13,38.6,7,0
15,45.78,38.4,8,8
16,34.02,38.3,8,26
17,22.28,37.7,9,27
18,10.82,36.1,12,26
19,-0.08,33.5,15,28
20,0,31,17,26
21,0,28.2,21,29
22,0,26.3,25,29
23,0,25.5,25,30
0,0,25.2,24,27
1,0,24.8,22,29
2,0,24.3,22,30
3,0,22.8,24,30
4,0,22.3,25,30
5,3.36,21.7,27,29
6,14.47,21.5,29,30
7,26.05,22.7,30,28
8,37.91,25.1,28,32
9,49.6,28.6,23,33
10,60.68,30.9,19,38
11,69.68,32.3,18,32
12,72.72,33.1,16,25
13,67.2,33.8,15,24
14,57.26,34.9,13,20
15,45.9,34.6,13,26
16,34.13,34.4,13,36
17,22.4,33.7,14,26
18,10.95,32.3,17,17
19,0.05,29.9,23,9
20,0,27.8,27,6
21,0,26.2,32,0
22,0,24.3,37,0
23,0,22.3,42,1
0,0,21,45,0
1,0,20,47,0
2,0,19.2,49,0
3,0,18.8,48,0
4,0,18,51,0
5,3.46,17.4,55,0
6,14.56,17.4,60,0
7,26.13,21.1,50,0
8,37.98,24.5,36,0
9,49.68,26.6,33,0
10,60.78,28.4,30,0
11,69.82,30.2,28,0
12,72.89,31.6,27,15
13,67.36,32.8,26,24
14,57.39,33.7,25,29
15,46.01,33.7,26,21
16,34.25,33.8,27,25
17,22.51,33.5,28,32
18,11.07,32.6,31,31
19,0.19,30.9,36,35
20,0,29.1,41,20
21,0,28,44,22
22,0,26.7,49,34
23,0,25.3,54,25
0,0,24.1,58,20
1,0,23.2,61,6
2,0,22.5,64,5
3,0,21.6,66,20
4,0,20.8,70,6
5,3.55,20.1,73,6
6,14.64,20.1,76,28
7,26.21,23.5,62,19
8,38.05,26.3,50,14
9,49.76,28.4,45,21
10,60.87,30.3,41,41
11,69.96,31.3,39,26
12,73.07,30.8,42,24
13,67.51,31.6,37,21
14,57.51,32.3,29,17
15,46.13,32.4,25,10
16,34.36,32.7,18,15
17,22.63,32,19,4
18,11.19,30.3,21,28
19,0.32,28.4,24,28
20,0,26.2,27,31
21,0,24.4,31,33
22,0,22.6,39,29
23,0,21.5,47,27
0,0,20.4,51,25
1,0,19.3,52,22
2,0,18.4,51,21
3,0,17.8,39,24
4,0,17.6,38,12
5,3.64,17.1,38,9
6,14.72,17.1,38,15
7,26.28,18.5,36,0
8,38.12,20.1,30,6
9,49.83,21.6,27,23
10,60.96,22.9,23,25
11,70.09,24,20,23
12,73.23,25,18,4
13,67.65,25.8,17,1
14,57.63,26.3,16,23
15,46.24,26.3,16,29
16,34.47,26.3,16,29
17,22.74,26,16,29
18,11.31,25.6,16,30
19,0.45,24.7,20,30
20,0,23.5,22,30
21,0,22.2,25,32
22,0,21.1,27,32
23,0,20.2,30,31
0,0,19.5,32,30
1,0,18.8,34,29
2,0,18.1,37,30
3,0,17,42,24
4,0,16,45,22
5,3.73,15.3,47,25
6,14.8,15.6,47,21
7,26.34,18.3,43,11
8,38.18,22.5,31,3
9,49.89,25.3,21,0
10,61.04,27.3,18,0
11,70.21,28.7,15,0
12,73.39,29.8,13,0
13,67.79,30.6,12,0
14,57.75,31.2,11,0
15,46.35,31.2,11,1
16,34.58,31.2,11,1
17,22.85,30.9,11,1
18,11.43,30.1,14,5
19,0.57,27.8,20,7
20,0,25.5,23,4
21,0,24,26,2
22,0,22.3,30,3
23,0,20.8,33,0
0,0,19.6,36,0
1,0,18.8,37,0
2,0,18,38,0
3,0,17.8,38,0
4,0,17.3,39,0
5,3.81,16.7,41,0
6,14.87,16.8,43,0
7,26.41,19.2,42,0
8,38.23,23.1,35,0
9,49.95,26.6,29,0
10,61.11,29.1,23,0
11,70.32,30.9,19,5
12,73.55,32.2,17,16
13,67.93,33,14,25
14,57.87,33.3,12,29
15,46.46,33.1,12,29
16,34.69,32.6,12,27
17,22.96,31.7,13,30
18,11.55,30.3,15,30
19,0.7,28.3,18,30
20,0,26.5,20,30
21,0,25.1,23,31
22,0,23.7,26,31
23,0,22.2,29,30
0,0,21.4,32,30
1,0,20.7,34,30
2,0,20.2,35,34
3,0,20,36,32
4,0,19.6,38,35
5,3.88,18.7,41,43
6,14.93,18.6,44,31
7,26.46,21,40,36
8,38.28,24.4,32,29
9,50.01,27,26,43
10,61.18,29,21,26
11,70.43,30.4,18,13
12,73.69,31.3,17,26
13,68.06,31.8,16,34
14,57.99,31.6,16,44
15,46.56,31.6,16,52
16,34.79,31.4,16,44
17,23.07,30.7,16,22
18,11.66,29.7,18,23
19,0.82,27.9,22,0
20,0,25.7,26,0
21,0,24.2,30,0
22,0,23.4,32,0
23,0,20.9,37,0
0,0,18.9,39,0
1,0,17.7,36,0
2,0,18.1,29,0
3,0,19.4,27,0
4,0,19.3,25,2
5,3.95,17.3,30,5
6,14.99,15.8,39,1
7,26.51,17.9,48,0
8,38.33,22,16,0
9,50.05,23.7,13,1
10,61.25,25.3,12,0
11,70.53,26.6,13,0
12,73.83,27.8,14,0
13,68.19,28.9,14,0
14,58.1,29.6,14,1
15,46.67,29.8,14,0
16,34.89,29.8,15,6
17,23.17,29.1,16,29
18,11.77,27.8,18,44
19,0.93,26.3,21,49
20,0,25,24,53
21,0,24.2,28,41
22,0,23.2,33,64
23,0,22.7,34,73
0,0,21.4,39,67
1,0,20.6,43,50
2,0,19.8,45,37
3,0,19.3,45,38
4,0,18.7,47,41
5,4.01,18.2,49,47
6,15.04,18,56,28
7,26.56,20.3,48,11
8,38.37,22.6,34,13
9,50.1,24.4,31,0
10,61.31,26,29,1
11,70.62,27.5,28,7
12,73.97,29,26,10
13,68.32,30.1,25,3
14,58.21,30.9,23,6
15,46.77,32,19,6
16,34.99,31.8,18,13
17,23.27,32,17,24
18,11.87,31.2,19,35
19,1.05,28.9,26,16
20,0,26.8,32,18
21,0,25.4,36,8
22,0,23.9,42,1
23,0,22,48,0
0,0,20.4,54,0
1,0,19.2,59,0
2,0,18.3,62,0
3,0,17.3,65,0
4,0,16.7,65,0
5,4.07,16.3,63,0
6,15.09,16.6,58,17
7,26.6,20.3,45,5
8,38.4,24.8,32,0
9,50.14,28.7,23,0
10,61.36,32,18,0
11,70.71,34.1,14,1
12,74.1,35.6,11,4
13,68.44,36.5,10,8
14,58.31,36.7,9,14
15,46.87,35.9,11,14
16,35.09,35.5,11,16
17,23.37,34.8,12,10
18,11.98,33.5,16,23
19,1.16,31.5,19,15
20,0,29,22,10
21,0,27.1,23,4
22,0,25.4,24,1
23,0,23.4,27,0
0,0,21.8,31,0
1,0,21,34,0
2,0,20.2,35,0
3,0,19.9,53,0
4,0,19.2,53,0
5,4.12,18.6,52,0
6,15.13,18.9,48,0
7,26.64,22.1,39,0
8,38.43,26.4,28,0
9,50.17,29.4,21,0
10,61.41,31,17,0
11,70.79,32.2,15,0
12,74.22,33.3,14,0
13,68.56,34.1,13,0
14,58.41,34.8,12,4
15,46.96,34.4,14,0
16,35.18,34.4,14,0
17,23.47,33.6,17,2
18,12.08,32.1,22,8
19,1.26,30.4,26,1
20,0,28.5,29,0
21,0,27.2,31,0
22,0,25.8,35,0
23,0,24.6,39,0
0,0,24.3,40,0
1,0,23.7,42,6
2,0,22.6,46,23
3,0,20.2,52,20
4,0,19.2,56,30
5,4.17,18.4,60,31
6,15.17,19.2,61,30
7,26.67,21,52,48
8,38.46,22.3,49,68
9,50.2,22.8,48,68
10,61.45,23.7,47,67
11,70.87,25.3,43,46
12,74.34,25.3,43,56
13,68.67,27.3,39,54
14,58.51,28.8,37,44
15,47.06,29.3,36,34
16,35.28,29.4,36,34
17,23.57,29.5,35,35
18,12.18,28.5,38,34
19,1.37,27.9,40,33
20,0,26.7,44,30
21,0,25.5,47,30
22,0,24.5,50,30
23,0,23.7,54,30
0,0,22.9,58,30
1,0,22.3,61,30
2,0,21.7,64,32
3,0,21,66,44
4,0,20.7,68,49
5,4.21,20.3,71,49
6,15.2,20.5,73,62
7,26.7,21.2,67,74
8,38.48,21.9,64,89
9,50.23,21.7,67,90
10,61.49,20.9,80,89
11,70.94,20.2,86,90
12,74.45,20.4,84,86
13,68.78,20.7,82,81
14,58.61,21,81,87
15,47.15,21.6,70,89
16,35.37,21.3,76,88
17,23.66,20.5,86,95
18,12.27,20.1,89,89
19,1.47,19.8,89,87
20,0,19.4,90,87
21,0,19.2,91,85
22,0,19,91,67
23,0,18.8,91,71
0,0,18.4,91,100
1,0,18.1,92,100
2,0,17.8,94,100
3,0,17.5,92,100
4,0,17.5,89,100
5,4.25,17.3,90,100
6,15.23,17.2,91,100
7,26.73,17.6,87,78
8,38.5,18.6,78,68
9,50.25,19.5,71,94
10,61.52,19.5,73,100
11,71,19.6,74,100
12,74.55,18.9,80,100
13,68.88,18.4,85,100
14,58.7,19,84,100
15,47.23,20.4,74,100
16,35.45,21.5,67,71
17,23.75,22,64,75
18,12.37,21.8,65,70
19,1.56,21,69,5
20,0,19.4,76,20
21,0,18.6,85,33
22,0,18.5,81,24
23,0,17.4,87,33
0,0,16.2,92,26
1,0,16,93,22
2,0,15.3,95,20
3,0,15.9,94,21
4,0,15.4,96,26
5,4.28,15.3,96,36
6,15.26,15.8,95,43
7,26.75,18.8,81,26
8,38.51,21.1,71,23
9,50.26,23.5,64,27
10,61.54,25.6,58,28
11,71.05,27.4,53,28
12,74.65,29,49,28
13,68.98,30.1,47,24
14,58.79,30.7,46,29
15,47.32,30.3,49,41
16,35.54,29.4,52,41
17,23.83,28.4,57,45
18,12.46,25.6,72,59
19,1.66,23,79,74
20,0,21.9,81,46
21,0,21.5,79,72
22,0,21.6,79,86
23,0,21.4,80,85
0,0,21.2,80,88
1,0,21.2,76,77
2,0,21.7,70,71
3,0,21.1,67,52
4,0,20.9,64,17
5,4.31,20.3,63,0
6,15.28,19.8,64,0
7,26.76,21.6,61,0
8,38.52,24.6,53,0
9,50.27,27.2,45,0
10,61.56,28.8,38,0
11,71.1,29.8,34,3
12,74.74,30.8,31,5
13,69.07,31.8,28,18
14,58.88,32.6,25,13
15,47.4,33.8,20,9
16,35.62,34,19,20
17,23.92,33.7,22,17
18,12.54,32.1,30,21
19,1.75,29.9,36,18
20,0,27.2,41,12
21,0,25.7,41,3
22,0,24.3,42,0
23,0,22.9,44,0
0,0,21.6,47,0
1,0,20.8,50,0
2,0,22.1,42,0
3,0,22.8,36,0
4,0,22.6,36,0
5,4.33,17.4,59,0
6,15.29,16.8,70,0
7,26.77,20.3,68,0
8,38.52,24.4,37,0
9,50.28,25.5,32,0
10,61.58,26.5,31,0
11,71.14,27.5,31,0
12,74.82,28.4,30,0
13,69.16,29.1,29,0
14,58.96,29.6,28,0
15,47.48,29.4,27,0
16,35.7,29.1,29,0
17,24,28.5,30,0
18,12.62,27.5,34,1
19,1.83,26,40,1
20,0,24.4,44,0
21,0,22.7,52,1
22,0,21.2,58,8
23,0,20.2,60,23
0,0,19.4,62,27
1,0,18.2,67,29
2,0,17.3,71,30
3,0,16.9,73,30
4,0,16.4,75,29
5,4.35,16,78,29
6,15.3,16.4,81,30
7,26.78,20.5,66,29
8,38.52,24,48,30
9,50.28,26,42,29
10,61.59,27.7,37,26
11,71.18,29.2,34,22
12,74.9,30.3,31,19
13,69.25,31,29,14
14,59.04,31.5,28,14
15,47.56,31.3,26,14
16,35.78,31.4,26,15
17,24.07,30.9,27,19
18,12.7,30,30,16
19,1.91,28.4,35,2
20,0,26.6,38,2
21,0,25,46,5
22,0,23.4,50,5
23,0,21.5,55,5
0,0,20.1,60,4
1,0,19,65,1
2,0,18.2,68,1
3,0,18,70,0
4,0,17.7,71,0
5,4.36,17.6,73,0
6,15.31,18.5,71,0
7,26.78,21.2,67,1
8,38.52,23.7,51,1
9,50.28,25.4,47,4
10,61.6,27.1,43,3
11,71.21,28.8,40,2
12,74.97,30.2,37,2
13,69.33,31.4,34,1
14,59.11,32.2,32,16
15,47.63,33.3,30,25
16,35.85,33.4,28,31
17,24.15,33.4,27,39
18,12.78,32.4,28,39
19,1.99,30.8,32,40
20,0,29.4,36,36
21,0,27.1,43,39
22,0,24.2,53,39
23,0,22.7,58,39
0,0,22.4,62,35
1,0,21.9,64,30
2,0,21.7,66,29
3,0,22,68,27
4,0,21.5,70,30
5,4.37,21,74,30
6,15.31,21.1,77,28
7,26.77,23.8,66,29
8,38.51,26.5,52,29
9,50.27,28.2,45,30
10,61.6,29.8,41,34
11,71.23,31.4,38,38
12,75.03,32.4,35,33
13,69.4,32.6,35,34
14,59.19,33.1,33,33
15,47.7,33,33,40
16,35.92,31.3,36,42
17,24.22,29.2,48,40
18,12.85,28.4,52,40
19,2.07,27.2,58,44
20,0,25.3,65,56
21,0,24.5,68,53
22,0,23.7,71,47
23,0,22.8,75,44
0,0,22.3,77,36
1,0,21.6,79,30
2,0,21.2,80,30
3,0,20.3,88,31
4,0,19.8,90,22
5,4.37,19.5,90,20
6,15.31,20,87,27
7,26.77,22.4,76,28
8,38.5,25.5,60,32
9,50.26,26.9,53,29
10,61.59,28,48,21
11,71.25,29.5,43,7
12,75.09,30.6,40,8
13,69.47,31.3,38,20
14,59.26,31.6,37,28
15,47.77,30.5,40,31
16,35.99,29.4,44,27
17,24.29,27.6,54,23
18,12.92,27.2,56,24
19,2.14,26.7,59,17
20,0,25.6,64,5
21,0,24.2,71,0
22,0,22.8,77,0
23,0,21.8,81,0
,,,,
