P,H,HS,T,RH,CC
0,1,0,-6.9,82,0
0,2,0,-7,79,0
0,3,0,-6.9,75,0
0,4,0,-7.1,74,0
0,5,0,-7,71,0
0,6,0,-6.8,69,0
0.04972875,7,-2.48,-6.6,67,13
1.2112525,8,7.74,-6.4,65,34
3.71545475,9,16.7,-3.7,54,43
7.324348,10,23.89,0.8,41,28
9.53017725,11,28.65,4.5,30,1
9.95642475,12,30.4,6.8,25,0
9.2140435,13,28.86,8.3,22,0
7.4344615,14,24.27,9.1,21,0
4.1026295,15,17.21,8.7,22,0
0.8560465,16,8.35,7.8,26,0
0,17,-1.76,5.4,33,0
0,18,0,1.3,44,0
0,19,0,-2.2,53,0
0,20,0,-3.6,55,0
0,21,0,-3.9,52,0
0,22,0,-4.1,51,0
0,23,0,-4.4,49,0
0,0,0,-4.6,48,0
0,1,0,-4.7,46,0
0,2,0,-4.8,45,0
0,3,0,-4.7,44,0
0,4,0,-4.7,43,0
0,5,0,-5,43,0
0,6,0,-5.2,44,0
0.11011375,7,-2.44,-5.4,44,0
2.905585,8,7.81,-5.6,44,0
7.29593125,9,16.79,-3.2,40,0
9.80723875,10,24,1.2,33,0
10.37912,11,28.8,4.6,25,0
10.528305,12,30.57,6.3,21,0
10.1730975,13,29.05,7.1,20,0
8.81621325,14,24.46,7.5,20,0
5.154039,15,17.41,7.2,22,0
1.420824,16,8.54,5.7,29,0
0,17,-1.58,3.3,35,0
0,18,0,0.8,42,0
0,19,0,-0.4,46,29
0,20,0,-1.8,50,31
0,21,0,-2.5,53,36
0,22,0,-2.9,54,40
0,23,0,-2.7,52,58
0,0,0,-2.6,51,73
0,1,0,-2.3,50,81
0,2,0,-2.9,52,83
0,3,0,-3.5,53,67
0,4,0,-4.6,56,39
0,5,0,-5.2,57,31
0,6,0,-5.8,58,33
0.04972875,7,-2.39,-6.5,59,11
1.6730205,8,7.88,-7.2,60,0
5.36361075,9,16.88,-4.7,54,0
8.97960775,10,24.13,0.7,39,0
10.01325775,11,28.96,3.6,31,0
9.853415,12,30.75,5.3,29,1
9.4271675,13,29.24,6.6,28,13
5.18600775,14,24.66,7.3,28,27
2.9233455,15,17.6,7.6,27,29
1.29294975,16,8.73,6.4,35,30
0,17,-1.4,4.5,43,29
0,18,0,3,47,27
0,19,0,-1.4,61,25
0,20,0,-2.7,62,25
0,21,0,-2.9,56,21
0,22,0,-2.9,47,14
0,23,0,-3.3,42,14
0,0,0,-3.9,38,14
0,1,0,-4.8,35,17
0,2,0,-5.8,32,19
0,3,0,-5.5,28,7
0,4,0,-5.2,24,1
0,5,0,-6,24,0
0,6,0,-6.6,24,0
0.184707,7,-2.33,-7.1,25,15
3.53429975,8,7.96,-7.4,25,13
7.91754175,9,16.99,-6.8,25,11
9.95642375,10,24.26,-5.4,21,1
10.7982625,11,29.12,-4.3,20,1
10.9296875,12,30.94,-3.4,19,1
10.55317,13,29.44,-2.5,18,12
9.42716625,14,24.86,-2,18,0
6.6494565,15,17.8,-1.6,18,0
1.5700105,16,8.92,-1.8,18,23
0,17,-1.22,-3,22,29
0,18,0,-4.5,23,33
0,19,0,-5.4,24,29
0,20,0,-5.9,24,32
0,21,0,-6,24,51
0,22,0,-5.8,24,60
0,23,0,-5.8,24,70
0,0,0,-5.9,24,79
0,1,0,-5.9,24,86
0,2,0,-5.9,23,88
0,3,0,-6,22,84
0,4,0,-6.9,22,33
0,5,0,-7.8,23,3
0,6,0,-8.5,23,0
0.16694675,7,-2.28,-8.9,22,0
3.46681075,8,8.04,-9,21,0
8.04186425,9,17.1,-6.9,22,0
10.11626575,10,24.4,-3.2,17,0
10.7627425,11,29.29,-0.5,13,0
10.904825,12,31.13,1.4,11,0
10.5212025,13,29.65,2.6,10,0
9.40940725,14,25.07,3.4,10,0
6.141512,15,18,3.8,9,0
1.768926,16,9.11,3.4,11,0
0.04972875,17,-1.03,2,16,0
0,18,0,-1.2,20,2
0,19,0,-4.4,24,4
0,20,0,-5.9,26,9
0,21,0,-6.1,23,24
0,22,0,-6.2,20,37
0,23,0,-6.1,18,35
0,0,0,-6,17,25
0,1,0,-5.9,16,8
0,2,0,-5.9,15,0
0,3,0,-5.7,14,0
0,4,0,-5.7,13,0
0,5,0,-5.9,13,0
0,6,0,-6.1,12,0
0.1491865,7,-2.21,-6.3,12,0
3.381561,8,8.14,-6.4,12,0
7.99213525,9,17.21,-4.3,14,0
10.03457075,10,24.55,-0.7,13,0
10.681045,11,29.46,2.4,11,0
10.8231275,12,31.33,4.5,9,0
10.489235,13,29.86,5.8,9,0
9.34547025,14,25.29,6.6,8,0
6.21965725,15,18.21,7.1,9,0
2.1418925,16,9.31,6.4,13,0
0.04617675,17,-0.84,4.1,19,0
0,18,0,1,23,0
0,19,0,-2.1,28,13
0,20,0,-4.3,32,29
0,21,0,-4.8,33,28
0,22,0,-5.1,31,23
0,23,0,-5.3,29,3
0,0,0,-5.7,28,1
0,1,0,-5.9,28,13
0,2,0,-5.9,27,30
0,3,0,-5.5,26,30
0,4,0,-5.3,26,30
0,5,0,-5.3,26,30
0,6,0,-5,25,29
0.07104125,7,-2.14,-5,26,30
2.408297,8,8.23,-5.2,27,29
4.77396875,9,17.34,-3,28,29
4.45428325,10,24.7,1.3,24,29
4.418763,11,29.64,4,18,29
7.46643,12,31.54,5.3,16,28
7.3030355,13,30.08,5.6,16,28
5.11851875,14,25.51,5.6,17,25
5.8928675,15,18.42,5,17,10
0.96616025,16,9.51,4.1,20,2
0,17,-0.65,2.4,25,0
0,18,0,0.3,29,0
0,19,0,0.4,29,0
0,20,0,-0.2,30,0
0,21,0,-2.6,35,0
0,22,0,-3.7,38,1
0,23,0,-4.5,40,8
0,0,0,-4.9,41,34
0,1,0,-4.4,40,62
0,2,0,-3.8,38,78
0,3,0,-3,37,79
0,4,0,-2.9,37,84
0,5,0,-2.7,37,83
0,6,0,-2.2,36,71
0,7,-2.06,-0.5,30,50
0.8063175,8,8.34,-1.5,33,47
4.15591025,9,17.47,-0.5,34,35
6.57486325,10,24.86,0.8,25,32
5.612255,11,29.83,1.8,22,23
5.3529545,12,31.75,2.6,21,33
4.5679495,13,30.31,3,21,44
4.59636575,14,25.73,3.2,22,66
2.77415875,15,18.64,2.9,22,68
1.129555,16,9.72,2.5,24,58
0,17,-0.46,1.3,30,51
0,18,0,-0.2,33,46
0,19,0,-1.1,35,52
0,20,0,-0.7,35,51
0,21,0,-2.1,39,37
0,22,0,-3.7,44,29
0,23,0,-4.3,47,38
0,0,0,-4.9,50,41
0,1,0,-5.2,51,39
0,2,0,-5.5,52,38
0,3,0,-5.3,53,40
0,4,0,-5.3,54,32
0,5,0,-5.3,55,23
0,6,0,-4,46,17
0,7,-1.98,-1.5,35,1
1.88969625,8,8.44,-1.8,35,0
5.32809,9,17.6,-1.1,35,0
7.7221785,10,25.02,0.7,26,0
8.36865375,11,30.03,2,24,0
8.62440175,12,31.97,3,23,0
8.354445,13,30.53,3.8,21,0
7.44156625,14,25.96,4.3,20,0
5.2890175,15,18.86,4.7,16,0
1.66946825,16,9.93,4.4,16,0
0,17,-0.26,2.9,20,0
0,18,0,0.4,22,0
0,19,0,-1.7,24,0
0,20,0,-2.7,24,0
0,21,0,-3,22,0
0,22,0,-3.1,21,0
0,23,0,-3,19,0
0,0,0,-2.9,19,0
0,1,0,-2.8,18,0
0,2,0,-2.6,18,0
0,3,0,-2.5,19,0
0,4,0,-2.4,18,0
0,5,0,-2.5,18,0
0,6,0,-2.7,18,0
0.113666,7,-1.89,-3,18,0
2.610764,8,8.56,-3.1,18,0
8.1803945,9,17.74,-1.6,18,0
10.62776375,10,25.19,1,16,0
11.6507575,11,30.23,3.3,14,0
11.84257,12,32.19,5.1,13,0
12.9614675,13,30.77,6.3,12,0
10.46792225,14,26.19,7,12,0
6.86968425,15,19.08,7.3,12,0
2.5752435,16,10.14,6.8,15,0
0.08169725,17,-0.06,5.1,18,0
0,18,0,2.4,19,0
0,19,0,0.7,20,0
0,20,0,-0.1,20,0
0,21,0,-0.7,21,0
0,22,0,-1.3,22,0
0,23,0,-1.5,22,0
0,0,0,-1.7,22,0
0,1,0,-1.7,22,0
0,2,0,-1.7,22,0
0,3,0,-1.2,22,0
0,4,0,-1.1,23,0
0,5,0,-1.1,24,0
0,6,0,-1.1,24,0
0.19536325,7,-1.8,-1.2,25,0
3.56271625,8,8.68,-1.1,25,0
8.33313275,9,17.89,1.1,25,0
11.7217975,10,25.37,4.5,21,0
13.22432,11,30.44,7.3,18,0
12.6737525,12,32.42,9.3,16,0
12.1373925,13,31.01,10.5,15,0
10.02036075,14,26.43,11.2,14,0
6.731154,15,19.31,11.7,14,0
2.53261875,16,10.35,11.2,17,0
0.0923535,17,0.14,9.3,22,0
0,18,0,4.8,29,0
0,19,0,1.6,33,0
0,20,0,-0.1,35,0
0,21,0,-1.3,37,0
0,22,0,-2.2,39,0
0,23,0,-2.8,40,0
0,0,0,-3.2,41,0
0,1,0,-3.5,41,0
0,2,0,-3.6,41,0
0,3,0,-3.4,39,0
0,4,0,-3.5,39,0
0,5,0,-3.6,40,0
0,6,0,-3.8,39,0
0.170499,7,-1.7,-3.9,39,0
3.27144725,8,8.81,-4,40,0
7.41314925,9,18.04,-1.2,38,0
10.33649525,10,25.56,4.1,31,0
12.091215,11,30.65,7,21,0
13.163935,12,32.66,7.9,20,0
12.1373875,13,31.26,8.5,21,0
9.43071975,14,26.67,8.6,22,0
5.87155525,15,19.54,8.4,23,0
1.893248,16,10.57,7.7,25,0
0.056833,17,0.34,6.2,33,0
0,18,0,3.9,39,0
0,19,0,4,36,0
0,20,0,2.1,41,0
0,21,0,-0.9,50,0
0,22,0,-2.6,57,0
0,23,0,-3.8,64,0
0,0,0,-4.4,68,0
0,1,0,-4.9,72,0
0,2,0,-5.1,74,0
0,3,0,-5.3,76,0
0,4,0,-5.5,78,0
0,5,0,-5.6,78,0
0,6,0,-5.7,78,0
0.07104125,7,-1.59,-5.7,77,0
2.12768425,8,8.94,-5.5,75,0
5.86089875,9,18.2,-1,59,0
9.06485775,10,25.75,2.4,40,0
11.0149375,11,30.87,4.3,37,0
11.643655,12,32.9,5.6,35,8
9.675813,13,31.51,6.4,35,26
3.8291205,14,26.92,6.8,35,30
1.69078075,15,19.77,6.3,36,30
0.6962035,16,10.79,5,41,30
0,17,0.55,3.4,48,28
0,18,0,1.8,54,27
0,19,0,0,62,33
0,20,0,-0.9,66,55
0,21,0,-1.2,68,25
0,22,0,-1.8,71,38
0,23,0,-2,72,49
0,0,0,-2.1,74,54
0,1,0,-1.8,72,51
0,2,0,-1.7,72,61
0,3,0,-1.1,66,66
0,4,0,-0.7,65,62
0,5,0,-1,67,39
0,6,0,-1.9,72,18
0.0888015,7,-1.48,-2.8,76,13
2.02467425,8,9.08,-3.2,78,15
5.5873905,9,18.37,-1.9,74,6
8.43614275,10,25.94,0.4,48,3
10.4963385,11,31.1,1.4,38,5
11.39501,12,33.15,2.3,34,12
10.49988925,13,31.76,3,33,6
8.322477,14,27.17,3.6,33,0
5.20732025,15,20.01,4.2,32,0
1.9287685,16,11.01,4,32,0
0.07459325,17,0.75,2.6,37,0
0,18,0,0.6,43,0
0,19,0,-1.3,49,0
0,20,0,-1.3,48,0
0,21,0,-1.2,47,0
0,22,0,-1.5,48,0
0,23,0,-3,55,0
0,0,0,-4.2,62,0
0,1,0,-4.5,65,0
0,2,0,-4.8,68,10
0,3,0,-5.7,73,18
0,4,0,-6,74,46
0,5,0,-6,74,38
0,6,0,-5.7,72,32
0.10656175,7,-1.36,-5.2,68,12
2.67825375,8,9.22,-4.4,63,3
5.18600775,9,18.54,-2.6,59,0
9.39875175,10,26.15,0.5,43,0
11.284895,11,31.33,2.4,36,0
11.37725,12,33.4,3.7,31,0
9.65094725,13,32.02,4.7,27,0
7.1183285,14,27.42,5.3,25,0
4.063557,15,20.25,5.1,23,0
1.16507575,16,11.23,4.3,21,0
0.053281,17,0.96,2.3,24,0
0,18,0,0.1,26,0
0,19,0,-0.8,28,0
0,20,0,-1.9,31,0
0,21,0,-3.4,35,0
0,22,0,-4.7,40,0
0,23,0,-5,42,0
0,0,0,-5.2,44,0
0,1,0,-5.1,47,0
0,2,0,-4.9,49,12
0,3,0,-5.1,54,35
0,4,0,-4.5,56,31
0,5,0,-4.4,59,31
0,6,0,-4.2,61,41
0,7,-1.24,-3,59,61
0.7352765,8,9.38,-2,57,31
2.18806875,9,18.72,0.3,53,33
4.59636575,10,26.35,3.2,46,25
7.57299225,11,31.57,6.6,39,53
4.31220075,12,33.66,8.6,33,83
2.8665125,13,32.29,9.6,28,80
4.25892,14,27.68,9.6,25,50
4.084869,15,20.49,8.8,27,26
2.3230475,16,11.45,8.3,28,0
0.11011375,17,1.17,6.8,32,2
0,18,0,3,36,1
0,19,0,-0.1,39,15
0,20,0,-1.3,38,27
0,21,0,-1.8,36,29
0,22,0,-2.2,34,29
0,23,0,-2.6,33,28
0,0,0,-3.3,32,25
0,1,0,-4,33,6
0,2,0,-4.5,33,28
0,3,0,-4.5,32,30
0,4,0,-4.5,31,30
0,5,0,-4.5,31,28
0,6,0,-4.8,32,27
0.07459325,7,-1.11,-5.3,34,23
1.13310725,8,9.53,-5.4,35,24
4.2873365,9,18.9,-2,34,25
8.69899525,10,26.57,1.7,28,12
10.04522675,11,31.81,3.5,26,7
11.501569,12,33.93,4.7,25,2
11.15702,13,32.56,5.6,24,7
8.258539,14,27.94,6.1,23,23
4.80238525,15,20.74,6.1,22,27
2.18451675,16,11.68,5.3,24,27
0.11011375,17,1.38,3,30,29
0,18,0,0.8,35,29
0,19,0,-0.8,39,30
0,20,0,-2,43,29
0,21,0,-2.8,47,30
0,22,0,-3.2,48,32
0,23,0,-3.3,47,35
0,0,0,-3.4,47,40
0,1,0,-3.6,46,66
0,2,0,-3.7,45,86
0,3,0,-3.9,44,75
0,4,0,-4.1,43,47
0,5,0,-4.5,41,43
0,6,0,-4.5,38,41
0.0888015,7,-0.97,-4.4,35,47
1.250325,8,9.69,-3.8,32,38
2.781263,9,19.09,-1,29,31
4.72068825,10,26.79,2.7,24,30
6.1273035,11,32.06,5.5,21,30
7.0046625,12,34.2,7.6,19,31
7.40959775,13,32.84,9,18,31
5.55542175,14,28.21,9.4,18,38
4.4542835,15,20.98,8.4,20,41
1.786686,16,11.91,7.4,26,50
0.0852495,17,1.6,5.9,32,62
0,18,0,3.8,37,66
0,19,0,1.4,44,69
0,20,0,-1.3,50,60
0,21,0,-3,53,61
0,22,0,-3.7,52,56
0,23,0,-3.7,48,53
0,0,0,-3.2,43,34
0,1,0,-2.9,41,32
0,2,0,-2.6,39,50
0,3,0,-3.5,44,39
0,4,0,-3.7,46,39
0,5,0,-3.5,47,56
0,6,0,-3.1,45,77
0,7,-0.83,-1.4,39,86
0.66778725,8,9.86,-1.2,40,87
2.87716875,9,19.29,-0.2,42,83
5.5234535,10,27.01,2.5,39,87
7.033079,11,32.32,3.5,35,78
3.893058,12,34.48,3.8,31,44
4.653199,13,33.11,4,29,61
2.83099225,14,28.48,3.9,28,70
1.9891535,15,21.23,3.9,25,71
0.61805825,16,12.14,3.4,26,76
0,17,1.81,2.2,31,83
0,18,0,1,33,87
0,19,0,0.2,33,85
0,20,0,-0.5,33,79
0,21,0,-1.1,33,73
0,22,0,-1.7,34,83
0,23,0,-1.2,31,87
0,0,0,-1.2,30,84
0,1,0,-2,33,78
0,2,0,-2.9,33,68
0,3,0,-3.9,37,39
0,4,0,-4.6,39,35
0,5,0,-5.3,39,54
0,6,0,-5.4,38,84
0.07459325,7,-0.69,-5.3,35,88
1.072722,8,10.03,-4.7,33,74
3.02635525,9,19.49,-3.8,27,54
3.24303075,10,27.25,-2.7,25,70
4.93736375,11,32.58,-1.4,26,74
6.24096975,12,34.76,-0.2,27,76
8.64571375,13,33.4,1,29,78
7.9566145,14,28.75,2,29,64
5.367163,15,21.49,3.3,22,48
2.22358975,16,12.37,3.1,20,5
0.113666,17,2.02,1.8,23,0
0,18,0,-0.5,28,0
0,19,0,-2.8,31,0
0,20,0,-2.8,29,0
0,21,0,-2.3,25,0
0,22,0,-1.9,23,0
0,23,0,-1.8,23,0
0,0,0,-1.8,24,0
0,1,0,-1.9,25,0
0,2,0,-1.9,25,0
0,3,0,-2.5,26,0
0,4,0,-2.6,27,0
0,5,0,-2.8,27,0
0,6,0,-2.9,27,0
0.348102,7,-0.54,-3,26,0
3.9818595,8,10.21,-2.9,26,0
8.78779775,9,19.69,-0.9,24,0
12.286575,10,27.48,1.9,19,0
14.2650725,11,32.85,4.4,15,0
14.9008925,12,35.04,6.5,13,0
14.0377425,13,33.69,8.1,11,0
11.9171625,14,29.02,9.2,10,0
8.31537275,15,21.74,9.4,11,0
3.70124675,16,12.61,8.9,14,0
0.3232375,17,2.24,6.9,19,0
0,18,0,3.6,25,0
0,19,0,1.1,30,0
0,20,0,-1.6,37,0
0,21,0,-3.5,41,0
0,22,0,-4.2,40,0
0,23,0,-4.6,39,0
0,0,0,-5.1,40,8
0,1,0,-5.4,40,3
0,2,0,-5.5,39,27
0,3,0,-5.6,40,51
0,4,0,-5.3,40,31
0,5,0,-4.7,38,23
0,6,0,-4.6,39,29
0.22733175,7,-0.38,-5,41,24
2.51485875,8,10.39,-5,43,24
4.123942,9,19.9,-1.6,40,0
9.8534145,10,27.73,1.9,34,0
11.320415,11,33.12,4.5,29,0
11.9136075,12,35.33,6.1,28,2
10.4146395,13,33.98,7.1,28,1
4.617678,14,29.3,7.5,28,29
1.594875,15,22,6,33,30
0.5043925,16,12.84,4.5,40,30
0,17,2.46,2.4,50,30
0,18,0,0.7,57,31
0,19,0,-0.2,62,31
0,20,0,-0.8,67,30
0,21,0,-1.7,70,30
0,22,0,-2,71,30
0,23,0,-2.1,70,29
0,0,0,-1.8,64,18
0,1,0,-1.9,57,0
0,2,0,-1.4,45,31
0,3,0,-2.3,39,76
0,4,0,-1.3,30,77
0,5,0,-0.3,25,82
0,6,0,0.3,22,81
0,7,-0.22,0.7,20,80
0.79210925,8,10.58,1,20,76
2.08505925,9,20.12,2.9,19,55
4.908947,10,27.97,5,17,45
11.27068525,11,33.4,6.4,14,12
14.0910225,12,35.63,7.4,13,0
13.0360625,13,34.28,8.2,12,0
10.38267225,14,29.58,8.2,12,0
6.319115,15,22.26,7.9,14,0
2.36211975,16,13.08,7.5,15,0
0.20246725,17,2.68,5.9,19,0
0,18,0,3.5,21,0
0,19,0,1.3,25,0
0,20,0,-0.5,29,0
0,21,0,-1.8,32,0
0,22,0,-2.6,35,0
0,23,0,-3.1,36,0
0,0,0,-3.5,37,0
0,1,0,-3.8,38,0
0,2,0,-4.1,38,0
0,3,0,-4.4,42,1
0,4,0,-4.5,42,1
0,5,0,-4.6,43,1
0,6,0,-4.8,44,0
0.1491865,7,-0.05,-4.5,43,0
1.81155075,8,10.78,-3.8,42,0
6.3013545,9,20.34,-1.5,41,2
11.3168625,10,28.23,2.3,31,0
13.0183,11,33.68,4.8,28,0
13.5582125,12,35.93,7,26,0
12.6240225,13,34.58,8.9,25,0
10.27255725,14,29.87,10.3,23,0
6.795091,15,22.52,11.2,21,0
2.6356285,16,13.32,10.8,25,0
0.2095715,17,2.89,8.4,36,0
0,18,0,5.4,44,0
0,19,0,2.2,53,0
0,20,0,-0.3,59,0
0,21,0,-2.6,63,0
0,22,0,-3.5,63,0
0,23,0,-3.7,59,0
0,0,0,-3.7,56,0
0,1,0,-3.8,55,0
0,2,0,-3.9,56,0
0,3,0,-3.2,55,0
0,4,0,-2.7,53,0
0,5,0,-2.6,52,0
0,6,0,-2.4,51,0
0.2024675,7,0.12,-2.4,50,0
2.52196275,8,10.98,-2.3,51,0
5.49858925,9,20.57,-1.4,49,5
8.59243225,10,28.48,1.1,40,9
11.71114,11,33.97,2.7,38,5
10.74498175,12,36.23,4.1,36,6
8.91567075,13,34.88,5,35,28
5.23218475,14,30.15,5.2,37,27
4.60347,15,22.78,5.3,39,16
2.01757025,16,13.56,4.7,42,3
0.124322,17,3.11,3.4,48,4
0,18,0,1.4,54,0
0,19,0,-0.5,62,0
0,20,0,-2.3,70,0
0,21,0,-3.4,77,0
0,22,0,-4.2,82,0
0,23,0,-4.7,84,0
0,0,0,-4.9,85,0
0,1,0,-4.6,83,4
0,2,0,-2.3,71,16
0,3,0,-5.6,90,88
0,4,0,-4.8,94,100
0,5,0,-4.7,94,100
0,6,0,-4.7,92,100
0,7,0.3,-4.6,89,100
0,8,11.18,-4.6,88,100
0.24509225,9,20.8,-4.2,84,100
0.4937365,10,28.75,-3.7,81,100
0.777901,11,34.26,-3.3,79,100
0.72462,12,36.54,-3.2,78,100
0.96971225,13,35.19,-3,77,100
0.728172,14,30.44,-2,71,100
0.543465,15,23.05,-2.6,71,71
0.09590575,16,13.8,-2.9,71,59
0,17,3.33,-3.6,73,42
0,18,0,-4.4,76,31
0,19,0,-4.8,76,28
0,20,0,-5.1,76,48
0,21,0,-5.5,75,52
0,22,0,-5.7,72,49
0,23,0,-6,70,57
0,0,0,-6.6,71,68
0,1,0,-6.5,69,77
0,2,0,-6.5,70,100
0,3,0,-6.5,68,100
0,4,0,-6.8,70,94
0,5,0,-7.2,73,79
0,6,0,-7.6,74,80
0,7,0.48,-8,70,72
0.3090295,8,11.39,-8.2,55,74
0.646475,9,21.04,-8.1,38,67
1.8470715,10,29.02,-7.4,28,71
4.20208725,11,34.56,-6.5,22,56
5.136279,12,36.86,-5.4,19,38
7.210682,13,35.5,-4.5,19,26
7.08991225,14,30.74,-4,18,55
1.97494525,15,23.31,-3.8,21,65
1.00168125,16,14.04,-4.2,20,79
0.056833,17,3.55,-4.7,20,81
0,18,0,-5.5,20,83
0,19,0,-6,21,82
0,20,0,-6.1,20,80
0,21,0,-6.3,20,84
0,22,0,-6.2,20,74
0,23,0,-6.2,21,30
0,0,0,-6.4,23,59
0,1,0,-6.6,24,31
0,2,0,-6.8,26,35
0,3,0,-8,21,22
0,4,0,-8.2,21,34
0,5,0,-8.4,21,29
0,6,0,-8.5,22,52
0.10656175,7,0.67,-8.7,22,35
1.12245125,8,11.61,-8.6,23,31
2.90558525,9,21.28,-7.5,22,35
5.036821,10,29.29,-6.2,21,40
7.48419075,11,34.86,-4.9,20,48
6.19834475,12,37.18,-3.5,19,70
7.636929,13,35.81,-2.3,19,76
5.32453775,14,31.03,-1.5,19,58
2.78836725,15,23.58,-1.5,22,31
1.18638825,16,14.28,-1.8,22,29
0.10656175,17,3.78,-2.9,22,29
0,18,0,-4.5,25,22
0,19,0,-5.6,26,8
0,20,0,-6.5,28,2
0,21,0,-7.3,29,6
0,22,0,-7.6,32,17
0,23,0,-7.3,32,11
0,0,0,-6.8,32,1
0,1,0,-6.9,32,0
0,2,0,-7.1,33,0
0,3,0,-7.9,35,0
0,4,0,-9.1,39,0
0,5,0,-9.2,39,0
0,6,0,-9.3,39,39
0.28416475,7,0.86,-9.2,38,62
1.484761,8,11.83,-8.7,36,64
5.91418,9,21.53,-6,29,56
6.5855195,10,29.57,-4.8,23,61
3.6941425,11,35.17,-4.3,21,82
2.8523045,12,37.5,-3.7,20,90
4.791729,13,36.13,-3.7,20,83
3.22527075,14,31.33,-3.2,20,85
1.5771145,15,23.85,-3.1,20,84
0.96260825,16,14.52,-3.6,20,77
0.053281,17,4,-4.1,20,78
0,18,0,-4.8,21,80
0,19,0,-5.3,21,44
0,20,0,-5.7,22,30
0,21,0,-5.9,22,30
0,22,0,-6.3,23,33
0,23,0,-6.6,24,30
0,0,0,-6.8,25,31
0,1,0,-6.7,25,41
0,2,0,-6.7,26,37
0,3,0,-7.2,27,44
0,4,0,-7.3,27,62
0,5,0,-7.2,27,73
0,6,0,-7.2,28,76
0,7,1.06,-7.3,28,79
0.7317245,8,12.05,-7.2,29,81
2.433161,9,21.78,-6.3,27,86
2.02467425,10,29.85,-5.2,27,86
5.2925695,11,35.48,-3.9,28,87
3.36024875,12,37.83,-2.7,29,85
2.479338,13,36.45,-1.7,29,82
3.39221725,14,31.63,-1,30,67
3.90726625,15,24.12,-1.5,36,47
2.70311775,16,14.77,-1.3,39,17
0.301925,17,4.22,-1.9,44,0
0,18,0,-4,54,0
0,19,0,-5.2,61,0
0,20,0,-6.1,67,0
0,21,0,-6.9,71,0
0,22,0,-7.4,72,0
0,23,0,-7.4,72,0
0,0,0,-7.9,74,0
0,1,0,-8.3,75,0
0,2,0,-8.5,75,0
0,3,0,-8.7,74,0
0,4,0,-8.7,72,0
0,5,0,-8.6,69,0
0,6,0,-8.4,66,0
0.31258125,7,1.27,-8.2,64,0
3.14002125,8,12.28,-7.6,61,0
7.09346425,9,22.03,-3.8,49,0
10.254796,10,30.14,0,39,0
12.0130675,11,35.79,2.1,34,0
12.27592,12,38.16,3,32,13
10.8693045,13,36.78,3,33,13
8.1306655,14,31.93,2.6,34,38
4.4081065,15,24.39,1.8,38,50
2.010466,16,15.01,1.3,40,51
0.21667575,17,4.44,0.5,44,35
0,18,0,-1.1,50,1
0,19,0,-2.6,55,0
0,20,0,-3.8,61,0
0,21,0,-5,66,0
0,22,0,-5.3,68,16
0,23,0,-5,66,23
0,0,0,-5.1,67,51
0,1,0,-4.9,66,71
0,2,0,-4.9,65,65
0,3,0,-4.4,62,68
0,4,0,-4.6,63,61
0,5,0,-5.2,66,93
0,6,0,-4.8,64,100
0,7,1.48,-4.6,62,100
0.04617675,8,12.51,-4,59,100
0.60740225,9,22.29,-3.3,57,95
1.87903975,10,30.43,-2.9,57,95
3.55206025,11,36.11,-2.1,55,96
4.86987425,12,38.49,-1.4,54,88
7.324348,13,37.11,-0.8,53,95
7.71862675,14,32.23,-0.5,53,90
4.567949,15,24.66,-1.6,56,61
1.417272,16,15.25,-1.9,59,45
0.18115525,17,4.66,-2.6,64,64
0,18,0,-3.8,72,85
0,19,0,-4.4,77,89
0,20,0,-4.5,80,90
0,21,0,-4.6,81,93
0,22,0,-4.9,83,95
0,23,0,-5.1,81,99
0,0,0,-5.3,81,100
0,1,0,-5.4,81,98
0,2,0,-5.6,82,98
0,3,0,-6.4,83,94
0,4,0,-6.6,85,96
0,5,0,-6.7,85,100
0,6,0,-6.9,86,100
0,7,1.69,-6.9,85,100
0,8,12.75,-6.8,81,100
0.34454975,9,22.56,-6.3,78,100
0.50439225,10,30.73,-5.8,75,100
0.26285225,11,36.44,-5.1,71,100
0.4475595,12,38.83,-4.8,70,100
0.3729665,13,37.44,-4.2,67,100
0.04972875,14,32.53,-4,66,100
0.227332,15,24.94,-4.4,63,100
0,16,15.5,-4.4,62,100
0,17,4.88,-4.5,64,100
0,18,0,-5,67,100
0,19,0,-5.3,69,100
0,20,0,-5.4,71,100
0,21,0,-5.5,72,100
0,22,0,-5.6,74,100
0,23,0,-5.7,76,100
0,0,0,-5.9,78,100
0,1,0,-6,80,100
0,2,0,-6.2,81,100
0,3,0,-6.3,77,100
0,4,0,-6.6,80,100
0,5,0,-6.5,79,100
0,6,0,-6.7,81,100
0,7,1.91,-6.7,80,100
0,8,12.99,-6.7,80,100
0,9,22.83,-6.3,77,100
0,10,31.03,-5.8,75,100
0,11,36.77,-5.2,72,100
0.18470725,12,39.17,-4.8,71,100
0.1527385,13,37.77,-4.3,68,100
0.1562905,14,32.84,-3.4,64,100
0,15,25.21,-2.5,60,75
0,16,15.74,-2.7,62,98
0,17,5.1,-3.8,69,93
0,18,0,-4.9,75,66
0,19,0,-5.8,81,79
0,20,0,-6.2,83,64
0,21,0,-6.3,84,59
0,22,0,-6.7,86,52
0,23,0,-7.3,87,39
0,0,0,-8.2,88,12
0,1,0,-8.3,84,9
0,2,0,-8.4,77,0
0,3,0,-7.9,70,0
0,4,0,-7.8,60,0
0,5,0,-7.8,53,0
0,6,0,-7.8,50,1
0,7,2.13,-7.9,49,2
0.245092,8,13.24,-7.5,47,5
0.80631775,9,23.1,-4,40,1
2.003362,10,31.33,-1.6,32,3
6.962038,11,37.1,-0.1,28,4
11.62234,12,39.52,1.2,25,14
16.03399975,13,38.1,2.4,22,0
14.3361125,14,33.15,3.3,19,0
10.12692325,15,25.48,3,20,0
5.37071475,16,15.99,2.8,19,0
0.9235355,17,5.33,1.8,22,0
0,18,0,-0.3,27,0
0,19,0,-2.9,34,0
0,20,0,-5.3,40,0
0,21,0,-6.5,43,0
0,22,0,-7.1,44,0
0,23,0,-7.5,43,0
0,0,0,-7.8,42,0
0,1,0,-7.9,40,0
0,2,0,-8.1,38,0
0,3,0,-8.3,40,0
0,4,0,-8.5,38,0
0,5,0,-8.7,37,0
0,6,0,-9,36,0
1.363991,7,2.35,-9.3,35,0
6.56775925,8,13.49,-8.7,34,0
11.49446575,9,23.38,-5.1,29,0
14.9328625,10,31.64,-2.2,22,0
16.50287025,11,37.44,-0.6,20,0
16.98950225,12,39.87,0.6,19,0
16.421175,13,38.44,1.5,18,0
7.562335,14,33.46,2,18,0
1.58066675,15,25.76,2.3,18,2
1.43148,16,16.23,2,19,10
0.3196855,17,5.55,0.8,22,1
0,18,0,-1.3,27,11
0,19,0,-3,31,9
0,20,0,-4.9,36,0
0,21,0,-6.2,41,1
0,22,0,-6.9,45,30
0,23,0,-6.9,46,32
0,0,0,-6.3,45,29
0,1,0,-6,44,65
0,2,0,-5.5,43,85
0,3,0,-5.2,42,88
0,4,0,-5.2,43,86
0,5,0,-5.4,44,79
0,6,0,-6,46,8
0.59674625,7,2.59,-7,49,2
3.3424885,8,13.75,-7,50,0
5.93904425,9,23.66,-2.4,38,0
7.44156575,10,31.96,0.7,27,7
8.44679875,11,37.78,2.5,24,0
7.06504725,12,40.22,3.8,22,4
7.619169,13,38.78,4.8,21,11
4.84501,14,33.77,5.2,21,14
4.244712,15,26.03,5.2,22,12
1.66236425,16,16.48,4.6,24,8
0.14208225,17,5.77,3.2,28,13
0,18,0,0.9,33,57
0,19,0,-0.8,37,72
0,20,0,-1.7,40,70
0,21,0,-2.5,44,80
0,22,0,-3.3,48,73
0,23,0,-3.7,49,70
0,0,0,-3.8,49,56
0,1,0,-3.5,48,62
0,2,0,-3.5,49,48
0,3,0,-4.3,50,56
0,4,0,-4.4,52,61
0,5,0,-4.6,53,69
0,6,0,-4.4,53,76
0.174051,7,2.82,-3.6,51,80
0.65713075,8,14.01,-2.5,48,86
1.2645335,9,23.95,-0.9,44,90
2.11702775,10,32.27,-0.1,41,88
3.676382,11,38.12,0.7,43,94
4.9409155,12,40.58,1.3,45,89
3.9960675,13,39.12,1.9,47,91
4.73844825,14,34.08,2.1,49,100
2.20227725,15,26.31,2.1,54,100
0.99102475,16,16.72,1.8,56,100
0.113666,17,5.99,1.1,61,100
0,18,-5.42,-0.3,68,100
0,19,0,-1.3,72,100
0,20,0,-2,76,100
0,21,0,-2,76,76
0,22,0,-2.4,78,93
0,23,0,-3,82,100
0,0,0,-3.6,86,86
0,1,0,-3.5,87,49
0,2,0,-4.1,89,29
0,3,0,-4.2,88,10
0,4,0,-4.6,88,5
0,5,0,-4.7,87,2
0,6,0,-5,87,4
0,7,3.06,-5.3,87,2
0.543465,8,14.27,-4.4,85,0
5.019061,9,24.24,0,65,0
11.7644225,10,32.59,3,53,0
13.8494825,11,38.47,5.3,44,6
14.43557,12,40.93,6.9,35,47
13.8850025,13,39.47,8.1,30,19
12.20488,14,34.39,8.8,27,0
8.4112795,15,26.58,8.8,24,0
4.09552525,16,16.96,8.8,23,0
0.69975575,17,6.21,7.9,26,0
0,18,-5.21,5,36,0
0,19,0,1.7,47,0
0,20,0,-1.2,57,0
0,21,0,-2.9,63,0
0,22,0,-4.1,64,0
0,23,0,-4.6,60,0
0,0,0,-4.8,56,0
0,1,0,-5,52,0
0,2,0,-5.1,50,0
0,3,0,-5.3,57,0
0,4,0,-5.5,56,0
0,5,0,-5.6,54,2
0,6,0,-5.7,52,13
0.79921375,7,3.31,-5.6,49,12
4.7420005,8,14.54,-4.7,47,30
10.0168115,9,24.53,0.3,37,24
13.8281725,10,32.92,3.6,26,23
15.9025745,11,38.82,5.4,27,21
16.82611,12,41.3,6.6,29,18
15.08559775,13,39.81,7.5,31,20
11.767975,14,34.7,7.9,33,20
7.49484675,15,26.86,7.5,35,23
3.20751,16,17.21,7.1,40,24
0.46176775,17,6.43,5.7,50,26
0,18,-5.01,3.7,61,22
0,19,0,1.6,72,16
0,20,0,-0.2,79,8
0,21,0,-2.4,84,0
0,22,0,-3.5,86,0
0,23,0,-4.1,87,0
0,0,0,-4.5,88,0
0,1,0,-4.8,88,0
0,2,0,-4.9,88,3
0,3,0,-5.2,88,1
0,4,0,-5.4,86,1
0,5,0,-5.5,84,25
0,6,0,-5.5,80,29
0.76014075,7,3.55,-5.5,76,30
4.841458,8,14.81,-4.4,70,19
9.65450025,9,24.83,1.2,50,2
13.25984,10,33.25,4.7,39,6
15.199265,11,39.18,6.8,38,0
16.18673775,12,41.66,8.3,35,10
15.1601925,13,40.16,9.1,34,19
12.1231825,14,35.01,9.4,35,24
7.72928375,15,27.13,9.2,37,28
2.20582925,16,17.45,8.8,40,29
0.536361,17,6.65,7.3,50,29
0,18,-4.8,5.2,59,30
0,19,0,3.1,69,30
0,20,0,1.6,75,37
0,21,0,-0.3,81,48
0,22,0,-1.4,84,61
0,23,0,-2.2,87,68
0,0,0,-2.5,89,77
0,1,0,-2.4,89,78
0,2,0,-2.4,89,83
0,3,0,-2.3,86,86
0,4,0,-2.4,85,80
0,5,0,-2.8,85,80
0,6,0,-3.2,86,84
0.61450625,7,3.8,-3.1,83,87
2.29463075,8,15.08,-2.1,78,87
5.59449475,9,25.13,1.9,63,88
9.015129,10,33.58,5.4,47,87
9.36678175,11,39.53,6.9,45,89
7.3492125,12,42.03,7.9,44,89
7.20712975,13,40.51,8.4,44,83
11.473152,14,35.33,8.7,43,74
8.8410785,15,27.41,9.2,40,64
3.651518,16,17.69,8.8,41,56
0.30902925,17,6.86,7.9,48,42
0,18,-4.6,6.4,54,29
0,19,0,5.7,55,21
0,20,0,3.8,62,10
0,21,0,0.1,76,8
0,22,0,-1.9,81,11
0,23,0,-3.1,86,13
0,0,0,-3.7,88,17
0,1,0,-4.1,89,16
0,2,0,-4.4,89,9
0,3,0,-3.9,88,11
0,4,0,-4.1,88,1
0,5,0,-4.4,88,0
0,6,0,-4.6,88,0
0.774349,7,4.06,-4.8,88,0
4.855666,8,15.36,-3.6,84,0
9.43427225,9,25.44,2.7,60,0
13.1781425,10,33.91,6.4,47,0
15.2525425,11,39.9,8.3,42,0
15.84574,12,42.4,9.5,38,0
14.93286,13,40.86,10.5,36,0
11.714695,14,35.64,11.2,35,0
7.20712975,15,27.68,11.6,34,0
3.31762425,16,17.93,11.2,36,0
0.38362225,17,7.08,10,42,0
0,18,-4.4,7.8,50,0
0,19,0,5.7,59,0
0,20,0,4.7,59,0
0,21,0,0.4,78,7
0,22,0,-1.5,84,26
0,23,0,-2.4,87,29
0,0,0,-2.8,88,29
0,1,0,-2.9,87,29
0,2,0,-2.5,81,30
0,3,0,-2.1,75,29
0,4,0,-2.2,72,25
0,5,0,-2.1,68,18
0,6,0,-2,65,2
0.642923,7,4.32,-2,64,0
3.9250265,8,15.64,-0.7,62,16
6.7027375,9,25.74,3.8,52,30
8.55691275,10,34.25,8.2,44,31
8.8162135,11,40.26,10.3,39,30
8.553361,12,42.77,11,38,29
5.5163495,13,41.22,11.3,39,29
4.2908885,14,35.96,11.2,41,30
3.21106225,15,27.96,10.6,41,31
1.93232075,16,18.17,10.2,42,33
0.57898575,17,7.3,9.3,48,36
0,18,-4.19,7.9,53,44
0,19,0,6.5,58,57
0,20,0,5.1,62,65
0,21,0,3.4,68,74
0,22,0,2.4,72,83
0,23,0,1.3,77,85
0,0,0,0.5,81,87
0,1,0,0,83,89
0,2,0,-0.3,84,89
0,3,0,-0.4,85,89
0,4,0,-0.4,84,86
0,5,0,-0.1,81,83
0,6,0,0.1,78,70
0.5043925,7,4.58,0.3,75,63
3.07608375,8,15.93,1.3,71,59
5.9674605,9,26.05,4.2,55,35
8.6599225,10,34.59,5.7,48,18
10.8906175,11,40.63,6.8,45,2
10.8444375,12,43.14,7.9,42,2
10.7059075,13,41.57,8.8,40,3
8.787797,14,36.27,9.3,39,2
5.2748095,15,28.23,9.4,36,0
2.06374675,16,18.41,9.3,37,3
0,17,7.51,8.5,40,34
0,18,-3.99,6.8,47,58
0,19,0,5.4,50,66
0,20,0,5.3,49,72
0,21,0,4.6,51,72
0,22,0,2.1,60,70
0,23,0,0.8,65,54
0,0,0,0,69,45
0,1,0,-0.5,71,54
0,2,0,-1,75,76
0,3,0,0.9,65,78
0,4,0,0.2,68,82
0,5,0,0,70,86
0,6,0,-0.1,71,88
0.181155,7,4.85,-0.1,74,88
1.4492405,8,16.21,0.7,73,88
3.59468475,9,26.37,3,64,88
4.1061815,10,34.93,4.3,52,88
3.839777,11,41,5.5,48,84
4.8769785,12,43.52,6.6,46,88
6.47185325,13,41.92,7.5,45,80
4.486252,14,36.59,7.9,44,81
3.17554175,15,28.51,8,40,78
1.43148025,16,18.65,7.9,41,80
0,17,7.73,7.5,42,48
0,18,-3.79,6.2,47,46
0,19,0,4.9,52,49
0,20,0,3.8,55,53
0,21,0,2.6,58,21
0,22,0,1.3,63,18
0,23,0,-0.3,71,40
0,0,0,-1.2,76,47
0,1,0,-2,82,41
0,2,0,-2.5,86,48
0,3,0,-1.9,83,58
0,4,0,-2.1,86,71
0,5,0,-2.6,88,59
0,6,0,-2.6,89,33
0.29126875,7,5.12,-2.7,89,30
2.45447375,8,16.5,-1.5,88,22
6.262282,9,26.68,3.3,69,1
9.512417,10,35.28,6.2,53,3
11.94913,11,41.37,7.9,48,1
13.3308825,12,43.9,9.2,45,2
13.096445,13,42.28,10.1,43,8
10.7911585,14,36.9,10.5,43,14
7.3456605,15,28.78,10.8,38,27
3.2146145,16,18.89,10.6,38,25
0.525705,17,7.94,10,41,2
0,18,-3.59,8.1,50,0
0,19,0,6.3,57,13
0,20,0,4.9,64,29
0,21,0,2.8,74,30
0,22,0,1.2,82,30
0,23,0,0.3,87,30
0,0,0,-0.2,89,30
0,1,0,-0.6,91,30
0,2,0,-1,91,27
0,3,0,-1.2,91,48
0,4,0,-1.6,92,59
0,5,0,-1.9,92,62
0,6,0,-2,91,29
0.5043925,7,5.39,-2.2,91,22
2.52551475,8,16.8,-0.9,89,10
5.60159875,9,27,4.5,70,2
8.62085,10,35.63,7.9,54,0
10.5176475,11,41.74,9.8,49,0
11.3239675,12,44.28,11.2,46,0
12.0130675,13,42.64,12.2,42,1
9.40585525,14,37.22,12.9,40,9
5.9425965,15,29.05,12.8,39,14
2.64273275,16,19.13,12.4,42,4
0.522153,17,8.16,11.4,46,0
0,18,-3.39,9.5,53,0
0,19,0,7.7,60,0
0,20,0,6,68,0
0,21,0,4,77,0
0,22,0,2.1,84,0
0,23,0,1,88,0
0,0,0,0.1,90,1
0,1,0,-0.5,91,18
0,2,0,-0.9,92,27
0,3,0,-1.4,92,28
0,4,0,-1.6,93,28
0,5,0,-2.1,93,14
0,6,0,-2.4,92,28
0.67133925,7,5.67,-2.5,91,30
3.01569875,8,17.09,-1.1,91,28
4.955124,9,27.32,5.1,73,22
8.8197655,10,35.98,8.3,60,26
10.8018155,11,42.12,10.2,54,2
11.5122275,12,44.66,11.6,50,0
10.3080785,13,43,12.7,47,1
8.2763,14,37.53,13.2,44,9
5.132727,15,29.32,13.5,39,7
2.127684,16,19.36,13.3,37,8
0.3871745,17,8.37,12.5,39,16
0,18,-3.19,10.4,46,40
0,19,0,8.5,51,36
0,20,0,6.9,57,29
0,21,0,4.7,65,29
0,22,0,2.6,75,17
0,23,0,1.1,82,24
0,0,0,0.2,86,28
0,1,0,-0.3,87,28
0,2,0,-0.7,88,28
0,3,0,-0.8,86,28
0,4,0,-1.1,86,26
0,5,0,-1.7,88,25
0,6,-5.69,-2.2,89,25
0.72106825,7,5.95,-2.6,90,25
3.75452775,8,17.39,-1.1,88,26
8.52139125,9,27.65,4.9,67,25
11.3381775,10,36.33,8.5,50,22
13.1532775,11,42.5,10.5,45,15
13.195905,12,45.05,12.2,40,10
13.0040925,13,43.35,13.3,34,14
10.8053665,14,37.85,13.9,31,26
6.69918525,15,29.59,13.9,28,29
2.5184105,16,19.6,13.5,29,34
0.5754335,17,8.58,12.5,33,47
0,18,-2.99,10.6,40,54
0,19,0,9.2,43,63
0,20,0,7.9,48,60
0,21,0,6.1,55,68
0,22,0,4.5,62,66
0,23,0,3.5,67,66
0,0,0,2.6,72,64
0,1,0,1.8,75,59
0,2,0,1.4,77,58
0,3,0,1.5,76,54
0,4,0,1.1,77,59
0,5,0,1.1,77,57
0,6,-5.42,0.7,77,55
0.36231,7,6.23,0.5,77,51
1.829311,8,17.69,1.6,74,49
4.00317175,9,27.97,5.4,64,51
7.0011105,10,36.69,9,48,46
10.0949535,11,42.88,11,41,34
9.93866575,12,45.43,12.7,39,30
9.9706335,13,43.71,13.8,37,14
8.8304215,14,38.16,14.5,36,2
6.2338655,15,29.86,15,33,8
2.8167835,16,19.83,14.7,34,2
0.63226675,17,8.79,13.9,39,7
0,18,-2.8,11.8,48,1
0,19,0,9.9,55,0
0,20,0,8.1,63,0
0,21,0,6.2,71,0
0,22,0,4.3,80,0
0,23,0,3.1,85,0
0,0,0,2.5,86,0
0,1,0,2,84,0
0,2,0,1.5,82,1
0,3,0,1.1,79,2
0,4,0,0.6,78,1
0,5,0,0.3,77,0
0,6,-5.14,0.1,76,0
0.83828625,7,6.51,0.1,75,1
3.59823675,8,18,2.1,68,4
7.05083925,9,28.3,6.9,58,5
9.7788215,10,37.05,11.7,46,3
11.68983,11,43.27,14.1,38,0
12.2403975,12,45.82,15.3,37,0
11.046905,13,44.07,15.9,37,0
8.436143,14,38.48,16.2,38,12
5.306778,15,30.13,16.7,35,18
2.12058,16,20.07,15.9,38,33
0.39783075,17,9,15,43,16
0,18,-2.6,13,50,24
0,19,0,11.4,55,25
0,20,0,9.6,61,29
0,21,0,7.9,68,30
0,22,0,6.7,74,30
0,23,0,5.7,79,32
0,0,0,4.7,84,41
0,1,0,3.9,87,42
0,2,0,3.2,90,39
0,3,0,3.5,87,29
0,4,0,3.1,89,5
0,5,0,2.5,90,0
0,6,-4.86,2,91,0
0.78500525,7,6.8,1.6,91,0
3.78649625,8,18.3,3.1,84,0
8.48587125,9,28.63,8.3,66,0
12.6595425,10,37.41,12,50,0
15.4123875,11,43.65,13.7,38,0
15.2063725,12,46.21,14.6,29,0
14.2970425,13,44.43,15.3,25,0
12.0699,14,38.79,15.6,24,2
9.06485675,15,30.4,16.1,22,0
4.82724975,16,20.3,16.1,21,0
1.23611675,17,9.21,15.3,24,0
0,18,-2.41,13.8,29,0
0,19,0,11.3,37,0
0,20,0,8.3,39,0
0,21,0,5.9,45,0
0,22,0,3.9,49,0
0,23,0,3.2,47,0
0,0,0,3,41,0
0,1,0,6.3,27,0
0,2,0,5.6,26,0
0,3,0,0.9,40,0
0,4,0,-0.9,49,0
0,5,0,-2.1,56,0
0,6,-4.58,-2.9,62,0
2.4438175,7,7.09,-3.4,66,0
7.4557745,8,18.61,-1.2,71,0
11.870985,9,28.97,6,50,0
14.9825925,10,37.77,9.2,24,0
16.54549475,11,44.04,10.3,22,0
16.81900425,12,46.6,11,21,0
16.30750775,13,44.79,11.5,21,0
14.3290075,14,39.1,11.8,21,0
10.972313,15,30.66,11.8,20,0
6.22320975,16,20.53,11.3,20,0
1.65526,17,9.41,10.2,20,0
0,18,-2.21,8.3,23,0
0,19,0,6.5,25,0
0,20,0,5.2,28,0
0,21,0,5,27,0
0,22,0,3.4,31,0
0,23,0,0.8,38,0
0,0,0,-1,45,0
0,1,0,-2.4,51,0
0,2,0,-3.5,58,0
0,3,0,-3.3,53,0
0,4,0,-4.2,58,0
0,5,0,-4.8,63,0
0.060385,6,-4.3,-5,65,0
2.617868,7,7.38,-5,66,0
7.26751525,8,18.92,-2.3,65,0
11.68983,9,29.3,3.8,43,1
14.581205,10,38.14,6.9,27,3
16.29685025,11,44.43,8.8,23,2
16.5952255,12,46.99,10.3,22,4
15.835085,13,45.16,11.5,22,5
13.77134,14,39.41,12.2,22,0
10.34715,15,30.93,12.5,22,0
5.89641975,16,20.76,12.3,23,0
1.527386,17,9.62,11.3,24,0
0,18,-2.02,9.1,29,0
0,19,0,7,31,0
0,20,0,5.3,37,0
0,21,0,4.3,38,0
0,22,0,1.5,49,0
0,23,0,-0.2,57,1
0,0,0,-1.3,64,1
0,1,0,-2.1,69,11
0,2,0,-2.7,74,25
0,3,0,-3,76,29
0,4,0,-3.3,79,29
0,5,0,-3.5,81,31
0,6,-4.01,-3.7,83,39
1.005233,7,7.67,-3.8,84,41
4.376138,8,19.23,-1,79,40
5.99587725,9,29.64,4.7,55,50
12.2794745,10,38.5,7.4,40,59
14.4604375,11,44.82,9.3,36,72
14.7055275,12,47.38,10.8,35,68
11.9810975,13,45.52,12,34,54
11.2316125,14,39.72,12.8,33,39
6.315563,15,31.19,13.2,31,48
3.58047675,16,20.98,13.3,29,72
0.46176775,17,9.82,12.4,28,67
0,18,-1.82,10.6,31,79
0,19,0,9,33,85
0,20,0,7.6,36,87
0,21,0,6.6,40,87
0,22,0,5.4,45,80
0,23,0,3.6,54,84
0,0,0,2.1,63,83
0,1,0,2.4,63,79
0,2,0,2.6,64,65
0,3,0,2.7,64,50
0,4,0,1.5,71,37
0,5,0,0.7,77,29
0,6,-3.72,-0.1,82,45
0.92353575,7,7.97,-0.9,88,56
3.05477175,8,19.55,1.8,81,41
6.557103,9,29.97,6.9,52,22
9.523072,10,38.87,9.5,38,19
8.233675,11,45.21,11,36,20
7.1218805,12,47.78,12.5,34,23
5.60159925,13,45.88,13.5,34,20
9.45913575,14,40.03,14,34,16
7.1289845,15,31.45,13.9,33,20
3.5271955,16,21.21,13.5,33,18
0.9270875,17,10.03,12.6,35,23
0,18,-1.63,10.7,40,13
0,19,0,8.5,47,4
0,20,0,7.2,52,2
0,21,0,5.9,58,0
0,22,0,4.3,65,0
0,23,0,3.1,70,0
0,0,0,2.2,75,0
0,1,0,1.2,80,0
0,2,0,0.3,86,0
0,3,0,-0.3,86,4
0,4,0,-0.8,89,24
0,5,0,-1.4,91,22
0,6,-3.43,-1.8,93,6
1.239669,7,8.27,-2.1,93,2
4.003172,8,19.86,0.8,85,1
7.5303675,9,30.31,6.9,59,0
10.72722175,10,39.24,9.3,48,0
9.29218975,11,45.61,11.1,44,35
6.315563,12,48.17,12.3,42,68
6.564208,13,46.24,13.1,40,90
2.5681395,14,40.34,13.5,39,89
3.05477175,15,31.71,12.1,53,79
1.87548775,16,21.43,12.4,52,26
0.5612255,17,10.23,11.8,53,16
0,18,-1.44,9.8,56,20
0,19,0,8.2,48,4
0,20,0,7.1,43,5
0,21,0,6.1,39,14
0,22,0,5.8,37,31
0,23,0,6.2,36,3
0,0,0,6,40,0
0,1,0,5.1,45,0
0,2,0,4.2,48,0
0,3,0,4.2,44,0
0,4,0,4,42,0
0,5,0,3.8,40,0
0.117218,6,-3.14,3.7,39,0
2.88782475,7,8.57,3.9,37,0
7.381181,8,20.18,5.8,35,0
11.9775475,9,30.65,9.1,30,2
10.57093075,10,39.61,11.5,24,6
14.3716375,11,46,13,21,14
13.533349,12,48.56,14.2,19,18
11.0930845,13,46.6,15.2,17,23
9.558594,14,40.65,15.7,16,22
4.50046025,15,31.97,16.1,15,19
6.42567675,16,21.66,16,13,57
1.768926,17,10.43,15.6,14,47
0,18,-1.25,13.8,18,20
0,19,0,11.7,21,6
0,20,0,9.5,24,4
0,21,0,7.4,28,0
0,22,0,5.9,31,0
0,23,0,4.7,33,0
0,0,0,3.7,35,0
0,1,0,2.6,38,0
0,2,0,2.5,36,0
0,3,0,2,38,0
0,4,0,2,37,0
0,5,0,1,40,0
0.12077,6,-2.84,-0.6,44,0
3.012147,7,8.87,-2.1,52,0
7.921094,8,20.5,0.3,51,0
12.0130675,9,30.99,4.4,26,0
14.961275,10,39.98,6,19,0
16.35013325,11,46.4,7.3,17,0
16.6627125,12,48.96,8.6,16,0
16.4389355,13,46.96,9.8,14,0
14.939965,14,40.96,10.7,12,0
11.5939225,15,32.23,11.8,11,0
6.96914175,16,21.88,12,10,0
2.01757,17,10.63,11.7,10,0
0.04262475,18,-1.06,10.1,15,0
0,19,0,8,17,0
0,20,0,5.9,20,0
0,21,0,4,23,0
0,22,0,2.5,26,0
0,23,0,1.6,27,0
0,0,0,0.9,28,0
0,1,0,0.3,30,0
0,2,0,-0.4,32,0
0,3,0,-0.6,33,0
0,4,0,-1.1,34,0
0,5,0,-1.6,36,0
0.12077,6,-2.55,-1.7,36,0
3.1648855,7,9.17,-1.6,36,0
8.08093675,8,20.82,1.2,36,0
12.116075,9,31.34,6.5,29,0
14.8227475,10,40.35,10,19,0
16.33947725,11,46.79,11.9,16,0
16.91135725,12,49.36,13,16,0
16.38920275,13,47.32,14,15,2
14.6948725,14,41.26,14.8,15,5
11.24227225,15,32.49,15.3,14,8
6.7027375,16,22.1,15.5,13,16
2.0424345,17,10.83,15.1,14,15
0,18,-0.87,13.5,19,2
0,19,0,10.5,23,0
0,20,0,7.8,26,0
0,21,0,6.7,26,0
0,22,0,5.9,27,0
0,23,0,5.2,27,0
0,0,0,4.6,28,0
0,1,0,4,29,0
0,2,0,3.4,30,0
0,3,0,2.8,33,0
0,4,0,2.2,34,0
0,5,0,1.4,36,0
0.113666,6,-2.25,0.6,39,0
2.8061275,7,9.47,-0.1,42,0
7.423806,8,21.13,2,48,0
11.6045775,9,31.68,7.7,34,0
14.74105,10,40.72,10.9,22,0
16.1121455,11,47.19,12.9,19,0
16.446038,12,49.75,14.5,17,19
16.08728,13,47.68,15.8,14,49
14.456885,14,41.56,16.3,12,25
11.2671345,15,32.74,16.8,10,44
6.503822,16,22.32,16.2,9,18
2.01757025,17,11.02,15.3,10,8
0.04972875,18,-0.68,13.4,13,8
0,19,0,10.9,16,0
0,20,0,8.9,18,0
0,21,0,7.4,20,0
0,22,0,6.1,22,0
0,23,0,5.6,22,0
0,0,0,5.5,22,0
0,1,0,5.4,21,0
0,2,0,5,22,0
0,3,0,5.8,20,0
0,4,0,5.6,21,0
0,5,0,5.4,22,0
0.181155,6,-1.95,5.2,23,0
3.28920775,7,9.78,5.1,25,0
8.04186425,8,21.45,7.1,26,0
12.2546075,9,32.02,10.8,23,0
15.2312325,10,41.09,13.6,19,0
16.26133475,11,47.59,14.9,17,0
16.453142,12,50.15,15.9,17,0
15.589995,13,48.03,16.8,17,0
13.5440075,14,41.87,17.5,16,0
10.2157255,15,32.99,18.3,15,0
6.04205425,16,22.54,18.4,14,0
1.8612795,17,11.22,17.8,15,0
0.053281,18,-0.49,16,22,0
0,19,0,13.6,25,0
0,20,0,10.8,31,0
0,21,0,8.7,34,0
0,22,0,7.5,34,0
0,23,0,6.9,31,0
0,0,0,6.7,29,0
0,1,0,6.6,27,0
0,2,0,6.7,25,0
0,3,0,6.5,25,0
0,4,0,6.6,23,0
0,5,0,6.6,21,0
0.170499,6,-1.65,6.3,21,0
3.29986375,7,10.08,6.1,22,0
8.2230195,8,21.78,8.4,23,0
12.3576175,9,32.37,13,21,0
15.18861,10,41.47,16.9,16,0
16.367893,11,47.99,19,12,0
16.4566945,12,50.55,20,11,0
16.0268955,13,48.39,20.6,11,0
14.15851,14,42.17,20.9,12,0
10.66683525,15,33.24,21.2,11,13
6.22320925,16,22.75,21.1,11,13
1.8968,17,11.42,20.5,13,20
0.060385,18,-0.31,18.8,18,0
0,19,0,16.2,23,0
0,20,0,14,25,0
0,21,0,14.2,23,0
0,22,0,13.4,24,0
0,23,0,12.5,26,0
0,0,0,9.1,33,0
0,1,0,6,41,0
0,2,0,4.1,47,0
0,3,0,4.4,46,0
0,4,0,3.6,49,0
0,5,0,3.1,51,0
0.10656175,6,-1.35,2.7,53,0
2.358568,7,10.39,2.9,54,0
6.39015625,8,22.1,7,47,0
10.418193,9,32.71,10.4,35,0
13.2811525,10,41.84,12.8,31,1
14.3325625,11,48.38,14.8,28,2
14.53503,12,50.94,16.5,25,8
13.718055,13,48.75,17.9,22,19
11.00073,14,42.47,18.7,21,30
6.8874445,15,33.49,19.6,20,30
3.24303075,16,22.97,19.3,21,30
0.891567,17,11.61,18.5,24,30
0,18,-0.12,16.7,30,22
0,19,0,14.8,36,30
0,20,0,13.4,42,30
0,21,0,11.1,50,30
0,22,0,9.2,56,30
0,23,0,8.5,58,30
0,0,0,7.9,60,30
0,1,0,7.3,61,31
0,2,0,6.8,61,41
0,3,0,7,59,61
0,4,0,6.6,59,70
0,5,0,6.5,56,75
0,6,-1.05,6.4,53,58
1.23256475,7,10.7,7.2,47,30
5.146935,8,22.42,9.6,39,21
9.558593,9,33.05,13.7,31,31
10.64552425,10,42.22,17.7,22,25
10.65618075,11,48.78,19.7,18,38
9.6616055,12,51.34,20.9,18,29
11.395009,13,49.1,21.6,18,7
5.02971725,14,42.76,22,18,14
9.48399975,15,33.74,22.3,16,7
5.9994295,16,23.18,22.2,15,11
1.8612795,17,11.8,21.7,16,1
0.060385,18,0.07,20.4,20,0
0,19,0,17.4,25,0
0,20,0,14.8,32,0
0,21,0,12.1,39,0
0,22,0,10.6,40,0
0,23,0,9.2,41,0
0,0,0,8.2,39,0
0,1,0,7.8,36,0
0,2,0,7.6,34,0
0,3,0,7.5,33,0
0,4,0,7.4,32,0
0,5,0,7.2,33,0
0.15629075,6,-0.74,6.8,34,0
2.7919195,7,11.01,6.7,36,27
6.851924,8,22.74,9.3,35,27
8.159082,9,33.4,14.3,31,30
13.174589,10,42.59,18.8,25,29
12.8371475,11,49.18,21.7,21,12
15.87771025,12,51.74,23.6,18,7
14.5883075,13,49.46,24.9,16,17
10.7485325,14,43.06,25.6,15,29
3.37800925,15,33.98,25.2,14,30
3.079636,16,23.39,24.5,15,35
0.7992135,17,11.99,22.8,19,75
0,18,0.25,21,23,83
0,19,0,19.6,29,90
0,20,0,18.6,34,83
0,21,0,17.6,38,85
0,22,0,16.5,43,87
0,23,0,15.1,51,87
0,0,0,14.2,56,86
0,1,0,13.6,60,87
0,2,0,12.9,64,71
0,3,0,13.3,53,68
0,4,0,12.3,58,67
0,5,0,11.6,60,62
0.056833,6,-0.44,10.9,63,60
1.296502,7,11.31,10,70,59
2.9268975,8,23.06,12.6,58,74
4.3406175,9,33.74,14.7,49,86
3.5804765,10,42.96,15,50,91
4.52532475,11,49.58,14.2,60,95
2.91979325,12,52.13,13.3,76,100
4.32285675,13,49.81,14,72,71
11.856775,14,43.35,17.1,53,49
8.6137455,15,34.23,19,42,12
4.060005,16,23.6,19.6,39,5
0.70686025,17,12.18,19.8,37,5
0.07104125,18,0.43,18.8,37,5
0,19,0,17.1,35,2
0,20,0,15.3,28,0
0,21,0,13.8,23,0
0,22,0,12.4,21,0
0,23,0,11,21,0
0,0,0,9.8,22,0
0,1,0,8.7,25,0
0,2,0,7.8,27,1
0,3,0,5.8,30,2
0,4,0,4.9,31,6
0,5,0,3.8,34,17
0.11011375,6,-0.13,2.7,39,14
3.598237,7,11.62,2.6,40,8
8.68833875,8,23.38,3.9,42,0
11.7786325,9,34.09,5.9,27,1
14.97548725,10,43.34,7.5,24,9
15.90612725,11,49.98,8.9,22,18
16.69113275,12,52.53,10.5,20,14
15.62196025,13,50.16,11.6,18,11
12.6453355,14,43.64,12.3,17,10
11.6294465,15,34.47,12,18,6
7.04018325,16,23.81,12,18,3
1.7902385,17,12.37,11.6,18,2
0.06748925,18,0.62,10.6,20,0
0,19,0,8.7,23,0
0,20,0,7.5,25,1
0,21,0,6.3,27,0
0,22,0,4.9,31,0
0,23,0,3.6,34,4
0,0,0,2.3,38,0
0,1,0,1.1,42,0
0,2,0,0.4,44,0
0,3,0,-0.2,49,0
0,4,0,-0.6,49,0
0,5,0,-0.9,48,0
0.358758,6,0.17,-1.3,48,0
3.5165395,7,11.93,-1.3,51,0
8.269197,8,23.71,2.5,43,0
12.5529825,9,34.43,7.3,26,0
15.08915,10,43.71,9.4,22,0
16.47445775,11,50.38,10.8,20,0
16.6414045,12,52.92,12,18,2
16.26843475,13,50.51,13.1,16,1
14.79077725,14,43.93,14.2,14,6
11.831911,15,34.71,14.7,12,30
6.54289475,16,24.01,14.9,11,20
2.40474475,17,12.56,14.7,10,62
0.0852495,18,0.8,13.5,12,26
0,19,0,11.2,14,9
0,20,0,9.3,17,0
0,21,0,7.4,20,0
0,22,0,6.1,22,0
0,23,0,5.5,22,0
0,0,0,4.7,23,0
0,1,0,4,24,0
0,2,0,3,27,0
0,3,0,2.7,31,0
0,4,0,3.1,30,0
0,5,0,2.8,30,0
0.46531975,6,0.48,2.2,30,0
4.067109,7,12.24,1.7,30,0
9.02223275,8,24.03,1.6,45,0
13.15683,9,34.77,4.8,20,0
15.785355,10,44.08,6.3,18,0
16.9397755,11,50.78,7.6,17,0
17.0569925,12,53.32,8.9,17,0
16.5668075,13,50.86,10.1,17,0
14.8049875,14,44.22,11.1,16,0
11.3914545,15,34.95,11.8,16,0
6.90165275,16,24.22,12.3,16,0
2.36922425,17,12.75,12.3,15,0
0.0852495,18,0.98,10.8,18,0
0,19,0,8,20,0
0,20,0,6.4,22,0
0,21,0,5.3,25,0
0,22,0,4.2,29,0
0,23,0,2.3,35,0
0,0,0,0.8,40,0
0,1,0,-0.2,44,0
0,2,0,-0.7,46,0
0,3,0,-1.1,48,0
0,4,0,-1.4,49,0
0,5,0,-1.5,47,0
0.53991325,6,0.78,-1.2,44,0
3.314072,7,12.55,-0.5,42,0
7.441566,8,24.35,3.4,35,1
10.6703865,9,35.12,9.4,26,11
11.54064225,10,44.46,13.9,18,13
11.7111395,11,51.18,16.8,14,19
11.0042825,12,53.71,18.5,12,36
11.91361075,13,51.21,19.6,11,42
11.91361,14,44.51,20.2,11,32
8.9902645,15,35.18,20.7,11,77
4.01382825,16,24.42,20.7,11,89
1.17573175,17,12.93,20.2,12,89
0.060385,18,1.16,18.7,15,85
0,19,0,16,19,74
0,20,0,13.6,22,62
0,21,0,12.5,21,20
0,22,0,11.2,21,16
0,23,0,10.1,22,10
0,0,0,9.2,23,5
0,1,0,8.4,24,0
0,2,0,7.8,25,0
0,3,0,7.7,27,0
0,4,0,7.3,28,0
0,5,0,6.5,30,0
0.3907265,6,1.09,5.8,32,0
3.900162,7,12.86,5.8,34,0
8.6030905,8,24.67,8.9,31,0
12.666645,9,35.46,13.9,22,0
15.387525,10,44.83,17.4,14,0
16.5916725,11,51.57,19.3,10,0
16.84742275,12,54.1,20.5,8,0
16.23646525,13,51.55,21.2,7,0
14.542135,14,44.79,21.6,7,0
10.85864775,15,35.42,21.8,7,0
6.507374,16,24.62,21.6,7,1
2.180965,17,13.12,21.1,8,2
0.10300975,18,1.34,19.5,12,0
0,19,0,17.1,15,0
0,20,0,13,20,0
0,21,0,10.5,23,0
0,22,0,9.6,23,0
0,23,0,8.9,23,0
0,0,0,8.2,22,0
0,1,0,7.5,22,0
0,2,0,6.8,23,0
0,3,0,6.6,23,0
0,4,0,6.7,22,0
0,5,0,6.7,21,0
0.39427875,6,1.39,6.3,21,0
3.5662685,7,13.16,5.9,24,0
8.03120775,8,24.99,8.8,25,0
11.48736,9,35.8,14.3,18,0
13.3024675,10,45.2,18.1,14,0
15.0856,11,51.97,20.8,11,0
14.5421325,12,54.5,22.8,9,4
11.849672,13,51.9,24.1,8,14
9.604771,14,45.07,25.1,7,31
8.5391525,15,35.65,25,7,39
4.30509675,16,24.82,24.9,6,44
1.133107,17,13.3,24.4,7,43
0.07104125,18,1.52,22.3,11,23
0,19,0,18.9,14,4
0,20,0,16.5,15,7
0,21,0,14.6,17,17
0,22,0,13,18,19
0,23,0,11.8,19,26
0,0,0,11.3,19,21
0,1,0,11.2,18,30
0,2,0,11.3,17,29
0,3,0,11.2,17,30
0,4,0,11.3,17,30
0,5,0,10.9,17,30
0.188259,6,1.7,10.5,18,30
1.7405095,7,13.47,10.5,20,30
5.21087225,8,25.3,12.2,22,31
8.1306645,9,36.14,16.3,20,28
10.1979635,10,45.57,19.6,16,26
11.62589475,11,52.37,22,13,27
11.43763225,12,54.89,23.4,12,26
8.65637025,13,52.24,24.1,12,28
5.3494025,14,45.35,24.4,12,29
3.136469,15,35.88,24.4,12,54
2.358568,16,25.02,24.1,11,53
0.831182,17,13.48,22.8,15,42
0,18,1.7,20.8,19,32
0,19,0,18.7,21,30
0,20,0,17,23,31
0,21,0,15,26,30
0,22,0,12.4,30,29
0,23,0,9.8,34,28
0,0,0,7.7,36,27
0,1,0,6.2,37,24
0,2,0,5.2,40,20
0,3,0,4.4,42,38
0,4,0,3.9,44,37
0,5,0,3.3,46,39
0.25574825,6,2,2.8,48,76
2.131236,7,13.78,2.8,49,87
2.38343225,8,25.62,4.4,44,80
8.8517335,9,36.48,5.3,40,62
7.09701575,10,45.93,6.5,36,66
4.46493975,11,52.76,7.8,33,89
4.05645275,12,55.28,8.5,32,89
7.20002575,13,52.58,8.7,32,90
5.88221175,14,45.63,8.3,35,69
6.613936,15,36.1,8,39,15
5.601599,16,25.21,8.6,38,17
1.93232075,17,13.66,8.5,38,8
0.10300975,18,1.88,7.8,39,0
0,19,0,6.6,42,0
0,20,0,5.6,46,0
0,21,0,4.7,52,0
0,22,0,4.1,52,0
0,23,0,3.3,56,0
0,0,0,3.5,54,0
0,1,0,3.4,55,0
0,2,0,2.9,56,0
0,3,0,0.9,67,0
0,4,0,0.1,71,0
0,5,0,-0.7,76,0
0.419143,6,2.3,-1.4,80,0
3.55206,7,14.08,-0.9,80,0
7.92819825,8,25.94,3.6,60,0
11.746665,9,36.81,7,44,0
14.819195,10,46.3,9.9,37,7
12.4535215,11,53.15,12.9,30,28
8.94053625,12,55.67,15.4,21,29
11.32751775,13,52.92,16.4,16,26
11.540644,14,45.91,17,13,26
10.95810575,15,36.33,16.2,11,19
5.0439255,16,25.41,15.8,10,0
2.05309075,17,13.84,15,9,0
0.0923535,18,2.06,13.7,10,0
0,19,0,11.4,11,0
0,20,0,9.6,13,0
0,21,0,8,15,0
0,22,0,6.4,17,0
0,23,0,4.7,21,0
0,0,0,3.3,24,0
0,1,0,2,27,0
0,2,0,1.1,28,0
0,3,0,0.6,29,0
0,4,0,0.2,30,0
0,5,0,0,30,0
0.76014075,6,2.6,-0.1,31,0
4.35482575,7,14.39,0.4,32,0
9.21049175,8,26.25,4.3,23,0
13.1461725,9,37.15,6.7,15,0
16.06241725,10,46.67,7.9,13,0
17.05699475,11,53.55,9.3,12,1
17.28787525,12,56.05,10.3,11,11
16.7621695,13,53.26,11.4,10,10
14.98614,14,46.18,12.1,10,7
11.5584045,15,36.55,12.6,9,13
6.976246,16,25.6,12.6,9,7
2.52196275,17,14.02,12.4,8,0
0.170499,18,2.23,11.6,10,0
0,19,0,9.8,12,0
0,20,0,7.7,14,0
0,21,0,5.8,17,0
0,22,0,4.4,19,0
0,23,0,3.3,21,0
0,0,0,2.3,24,0
0,1,0,1.2,26,0
0,2,0,-0.1,29,0
0,3,0,-1.1,36,0
0,4,0,-1.7,37,0
0,5,0,-2.3,37,0
0.710412,6,2.91,-2.6,38,0
4.2731285,7,14.69,-2,42,0
8.8268685,8,26.56,3.3,31,0
12.3078875,9,37.48,8.6,17,0
14.765915,10,47.03,10.8,13,0
16.35368525,11,53.94,12.2,13,0
16.94687975,12,56.44,13.6,12,20
16.52062975,13,53.59,15.3,12,47
14.67356,14,46.45,16.1,11,56
11.09308325,15,36.78,16.5,10,55
5.37071525,16,25.79,17.1,10,54
2.38343225,17,14.2,17,9,46
0.17049875,18,2.41,15.8,11,8
0,19,0,13.4,14,0
0,20,0,10.9,17,0
0,21,0,9.1,19,0
0,22,0,8,20,0
0,23,0,7.3,21,0
0,0,0,6.8,21,0
0,1,0,6.4,22,0
0,2,0,5.6,23,0
0,3,0,3.6,30,0
0,4,0,2.4,35,0
0,5,0,1.4,38,0
0.6926515,6,3.21,0.4,42,0
4.16301425,7,14.99,0.3,52,0
8.5356005,8,26.87,5.7,48,0
12.549425,9,37.81,9.9,19,0
15.2596525,10,47.39,11.6,17,0
16.4886655,11,54.33,13,15,0
16.73730525,12,56.82,14.3,14,0
15.81022025,13,53.92,15.4,14,0
14.1336475,14,46.72,16.1,13,7
10.62421375,15,36.99,16.4,14,3
6.18413675,16,25.98,16.3,14,4
2.04243425,17,14.37,15.6,14,12
0.13853025,18,2.59,14.2,15,29
0,19,0,12.3,17,30
0,20,0,11,18,30
0,21,0,10.4,20,27
0,22,0,10.4,19,4
0,23,0,7.7,25,29
0,0,0,5.2,32,28
0,1,0,3.7,36,29
0,2,0,2.9,40,30
0,3,0,2.8,41,30
0,4,0,2.5,42,29
0,5,0,1.9,44,29
0.62871475,6,3.5,1.4,48,29
3.6195495,7,15.29,1.9,55,27
8.0525205,8,27.18,6.6,42,28
12.0272775,9,38.14,11.4,23,12
14.9967975,10,47.75,13.6,20,0
16.27554,11,54.72,14.7,18,1
16.31460975,12,57.21,15.8,18,20
15.17439975,13,54.25,16.6,17,29
12.769655,14,46.98,17.2,16,30
9.530177,15,37.21,17.6,15,30
5.07944575,16,26.17,17.5,15,29
2.003362,17,14.55,16.8,16,2
0.18115525,18,2.76,15.7,17,25
0,19,0,13.9,20,2
0,20,0,12.1,23,0
0,21,0,12.3,22,0
0,22,0,11.6,23,2
0,23,0,11,24,0
0,0,0,10.1,26,0
0,1,0,9.1,28,0
0,2,0,6.6,34,0
0,3,0,2.9,46,0
0,4,0,1.8,51,0
0,5,0,1,55,0
0.468872,6,3.8,0.5,58,0
2.81678375,7,15.59,1.4,61,0
6.42922875,8,27.49,6.9,44,0
9.8853815,9,38.47,12,28,0
12.286575,10,48.11,14.8,23,0
14.1158875,11,55.1,17.2,20,0
14.545685,12,57.59,19.3,19,0
13.266945,13,54.58,20.9,18,0
10.954555,14,47.25,22,17,7
7.622721,15,37.43,22.1,17,6
4.081317,16,26.36,21.9,17,19
1.31781425,17,14.73,21,17,9
0.08169725,18,2.94,19.2,19,11
0,19,0,16.7,21,8
0,20,0,15.2,23,29
0,21,0,13.5,27,29
0,22,0,11.3,33,29
0,23,0,9.7,38,29
0,0,0,8.7,42,29
0,1,0,8.1,44,26
0,2,0,7.7,46,23
0,3,0,7.1,48,24
0,4,0,6.9,49,21
0,5,0,7.4,47,18
0.69620375,6,4.1,7.9,45,20
3.4561545,7,15.89,9.2,42,22
7.4238055,8,27.79,13.2,35,24
10.75563775,9,38.79,18.4,26,24
13.572425,10,48.46,22.1,21,22
14.44978,11,55.48,24.4,17,23
15.6006475,12,57.97,26,14,25
14.53503,13,54.9,26.9,12,25
12.2581575,14,47.51,27.4,11,23
9.12169,15,37.64,27.3,10,20
4.60702225,16,26.55,27.1,10,21
1.704989,17,14.9,26.9,11,24
0.14563425,18,3.11,25.4,14,4
0,19,0,21.8,19,3
0,20,0,18.3,23,2
0,21,0,16.8,24,3
0,22,0,15.6,24,6
0,23,0,14.4,24,5
0,0,0,13.4,25,6
0,1,0,12.3,27,8
0,2,0,11.5,30,4
0,3,0,9.9,31,3
0,4,0,9.6,32,1
0,5,0,9,33,3
0.6819955,6,4.39,9,36,5
3.885954,7,16.18,11.5,33,5
8.027656,8,28.09,14.9,30,8
11.62234,9,39.11,17.1,22,7
13.9382825,10,48.81,18.5,20,2
15.4621175,11,55.87,20.2,19,5
15.88836775,12,58.34,22.2,18,14
10.92258575,13,55.23,24.1,17,10
10.53896275,14,47.76,25.6,16,9
6.8909965,15,37.85,26.3,16,8
4.09552525,16,26.73,26.3,16,2
1.3853035,17,15.07,25.5,18,1
0.16694675,18,3.28,23.6,23,1
0,19,0,21.1,26,0
0,20,0,18.9,31,3
0,21,0,16.1,35,2
0,22,0,14.2,38,0
0,23,0,13.7,39,0
0,0,0,12,40,1
0,1,0,10.2,37,1
0,2,0,9.1,35,8
0,3,0,9.3,33,7
0,4,0,8.9,32,7
0,5,0,8.7,31,17
0.5718815,6,4.68,8.5,31,20
2.47578575,7,16.47,8.6,29,24
4.47914775,8,28.39,9.7,23,22
6.738258,9,39.43,11.4,20,22
10.13757775,10,49.16,13,19,23
10.080748,11,56.25,14.6,18,28
11.94202425,12,58.72,16,17,33
12.680855,13,55.55,17.3,16,27
10.3578085,14,48.02,18.2,16,28
7.136089,15,38.06,18.5,15,24
4.0386925,16,26.91,18.4,16,16
1.708541,17,15.24,18,16,42
0.117218,18,3.46,17.1,17,30
0,19,0,15.8,19,21
0,20,0,14.2,24,8
0,21,0,14.1,22,21
0,22,0,13.6,23,19
0,23,0,12.9,25,35
0,0,0,12.2,26,56
0,1,0,10.7,32,56
0,2,0,10.7,33,43
0,3,0,9.7,37,16
0,4,0,8.7,41,9
0,5,0,7.9,44,9
0.58608975,6,4.97,8.7,41,19
1.69078075,7,16.76,8.6,42,12
6.36884375,8,28.69,10,38,1
10.40043175,9,39.75,12.1,33,0
13.281155,10,49.51,13.9,30,0
14.684215,11,56.62,15.6,28,0
15.07139,12,59.09,17.3,26,14
14.055505,13,55.87,19.2,24,15
11.8638825,14,48.27,20.7,23,30
8.74517175,15,38.27,21.7,22,29
4.73489625,16,27.09,21.5,23,27
1.63749975,17,15.41,20.5,25,30
0.2024675,18,3.63,19.1,27,36
0,19,0,17.3,30,37
0,20,0,16.1,33,44
0,21,0,14.6,36,40
0,22,0,13.4,38,48
0,23,0,12.5,40,29
0,0,0,11.4,42,30
0,1,0,10.2,45,29
0,2,0,9.3,47,30
0,3,0,8.4,49,40
0,4,0,7.4,53,36
0,5,0,6.7,56,33
0.40493475,6,5.26,6.4,59,38
1.900352,7,17.05,6.9,55,59
4.1594625,8,28.98,8.4,42,60
6.922965,9,40.06,8.9,37,67
8.19460275,10,49.86,9.7,32,65
6.3439795,11,57,10.9,27,54
4.06355675,12,59.46,11.4,25,44
4.47204375,13,56.18,11.8,24,64
4.4116585,14,48.52,12.4,24,89
2.80612775,15,38.47,13.2,26,97
1.09403425,16,27.27,13,27,100
0.369414,17,15.58,12.7,28,100
0,18,3.8,12.1,31,99
0,19,0,11,37,100
0,20,0,9.2,60,99
0,21,0,7.6,76,93
0,22,0,6.7,83,94
0,23,0,6,85,100
0,0,0,5.2,85,100
0,1,0,4.3,85,100
0,2,0,3.1,87,100
0,3,0,3,83,100
0,4,0,1.9,91,100
0,5,0,1.3,95,100
0,6,5.55,1.1,96,100
0.056833,7,17.34,1,96,100
0.28416475,8,29.28,1,95,100
0.703308,9,40.38,1.7,93,100
4.00317175,10,50.2,2.1,92,100
2.36212025,11,57.37,2.3,91,100
1.8186545,12,59.83,2.8,89,100
1.31781425,13,56.49,3.6,81,100
4.9977485,14,48.77,4.4,76,100
4.12394175,15,38.68,4.8,72,100
1.37464725,16,27.45,5.2,69,100
0.57898575,17,15.75,5.5,66,100
0.07104125,18,3.97,5.4,65,100
0,19,0,5.2,66,100
0,20,0,5,67,100
0,21,0,4.8,70,82
0,22,0,4.2,73,57
0,23,0,3.1,80,29
0,0,0,2,85,20
0,1,0,1.4,88,4
0,2,0,0.7,91,11
0,3,0,0.3,91,22
0,4,0,0.4,89,19
0,5,0,0.5,89,14
1.0869305,6,5.83,0.3,89,23
3.2821035,7,17.62,1.5,88,23
7.07215175,8,29.56,5.9,67,24
10.57803525,9,40.68,8.6,56,26
14.183375,10,50.54,10.7,50,27
16.218708,11,57.74,12.4,44,36
15.05718225,12,60.2,13.7,40,53
13.490725,13,56.8,15,36,86
12.510355,14,49.02,15.8,34,98
9.0151285,15,38.88,15.2,33,89
5.193112,16,27.63,15,34,22
0.98392075,17,15.92,14.1,37,42
0.12077,18,4.15,12.7,42,35
0,19,0,11.3,47,56
0,20,0,10.5,51,61
0,21,0,9.7,55,55
0,22,0,9,62,66
0,23,0,8,73,95
0,0,0,7.1,86,81
0,1,0,6.6,87,69
0,2,0,5.8,90,37
0,3,0,5.3,90,27
0,4,0,4.3,92,22
0,5,-5.48,3.4,93,34
0.5114965,6,6.11,2.6,94,54
2.834544,7,17.9,4,94,90
7.164505,8,29.85,7.5,77,50
10.56382675,9,40.99,9.8,64,12
10.1269225,10,50.87,11.6,52,40
15.48698275,11,58.11,12.4,46,22
16.2116,12,60.56,13.5,41,11
11.3275205,13,57.11,14.8,39,25
8.95474325,14,49.26,15.4,37,18
9.5976665,15,39.08,15.9,32,24
6.74181,16,27.81,15.8,31,22
2.8096795,17,16.09,15.3,32,23
0.29126875,18,4.32,14.5,34,4
0,19,0,13,39,0
0,20,0,10.7,46,0
0,21,0,9.2,52,0
0,22,0,8.1,56,0
0,23,0,7.2,60,0
0,0,0,6.4,63,0
0,1,0,5.7,66,0
0,2,0,4.9,69,7
0,3,0,4.2,75,43
0,4,0,4.2,74,61
0,5,-5.19,4,72,26
1.1544195,6,6.39,3.4,73,55
1.72630125,7,18.18,4.4,69,60
3.33183275,8,30.13,8.9,55,61
4.6283345,9,41.29,13.3,40,56
8.905015,10,51.2,15.5,33,67
13.146175,11,58.47,17.1,33,65
13.114205,12,60.92,18.4,31,67
10.07719525,13,57.41,19.2,29,58
9.56214725,14,49.5,19.8,28,40
8.7238595,15,39.28,21.1,23,34
5.35295475,16,27.98,21.1,23,64
2.78836725,17,16.26,20.2,27,74
0.21312375,18,4.49,18.5,34,33
0,19,0,16.2,41,4
0,20,0,14.6,46,5
0,21,0,13.5,50,12
0,22,0,12.9,52,16
0,23,0,12.5,53,1
0,0,0,12,56,0
0,1,0,11.2,60,0
0,2,0,10.5,63,1
0,3,0,9.5,67,5
0,4,0,9.3,68,6
0,5,-4.91,9,68,43
0.053281,6,6.67,9,68,56
0.95905625,7,18.45,10.3,65,86
0.7317245,8,30.41,13.2,59,86
5.978118,9,41.58,15.2,54,80
6.89099675,10,51.53,17.7,45,47
9.53372875,11,58.83,19.8,39,41
8.85883825,12,61.28,20.7,35,53
8.574674,13,57.72,20.9,34,57
9.6829155,14,49.74,21.2,34,39
10.6917015,15,39.47,17.3,52,37
5.20732025,16,28.15,16.7,53,53
0.09945775,17,16.42,16.7,52,62
0.23088375,18,4.66,15.5,61,26
0,19,0,13.4,74,3
0,20,0,12.1,80,0
0,21,0,10.5,85,0
0,22,0,8.9,87,0
0,23,0,8.4,83,0
0,0,0,7.9,72,0
0,1,0,7.4,59,0
0,2,0,6.5,51,0
0,3,0,5.7,38,0
0,4,0,5,37,0
0,5,-4.63,4.6,36,0
1.3924075,6,6.94,4.2,36,0
5.388475,7,18.72,5.4,39,0
10.06298675,8,30.68,9.5,35,0
13.59018,9,41.88,14,23,0
15.84929525,10,51.86,16.6,15,0
16.7373075,11,59.19,18,14,0
16.82966225,12,61.64,19.1,14,0
16.339475,13,58.01,20.1,14,0
14.60252,14,49.97,20.8,14,0
11.3026545,15,39.66,21.3,13,0
7.146745,16,28.32,21.7,13,0
2.83454425,17,16.59,21.5,13,0
0.31613325,18,4.83,20.1,20,0
0,19,0,17.4,25,0
0,20,0,14.6,31,0
0,21,0,11.9,37,1
0,22,0,10.6,37,11
0,23,0,9.6,35,14
0,0,0,9.1,31,13
0,1,0,8.7,31,10
0,2,0,8.2,31,15
0,3,0,7.9,35,11
0,4,0,7.6,36,5
0,5,-4.35,7.1,37,1
1.50962525,6,7.21,6.6,39,0
5.06879,7,18.99,7.8,40,0
9.64029175,8,30.96,11.8,37,0
13.3379825,9,42.17,16.6,29,0
15.61130225,10,52.18,19.8,21,0
16.49932,11,59.55,21.8,17,0
15.9522995,12,61.99,23.1,15,0
15.36976475,13,58.31,23.9,15,1
12.00951525,14,50.21,24.5,16,11
8.20170675,15,39.86,24.7,18,36
4.5075645,16,28.5,24.4,19,45
1.47410475,17,16.75,23.3,21,55
0.19891525,18,5,21.4,24,58
0,19,0,19.2,30,76
0,20,0,17.4,40,71
0,21,0,16,51,71
0,22,0,14.9,59,73
0,23,0,14.1,63,67
0,0,0,13.4,68,84
0,1,0,12.9,72,86
0,2,0,12.4,75,84
0,3,0,12.5,71,77
0,4,0,11.8,73,53
0,5,-4.07,10.6,77,7
1.07982625,6,7.48,9.7,80,9
4.2908885,7,19.26,10.5,77,2
8.38641375,8,31.22,14.9,58,2
11.7040375,9,42.45,18.4,44,0
14.0981275,10,52.49,21,36,1
15.561575,11,59.9,22.9,29,5
15.8350825,12,62.34,24.2,25,10
14.60252,13,58.6,25.1,22,15
12.88332,14,50.44,25.6,19,9
9.757511,15,40.05,26.2,17,2
5.963909,16,28.66,26.3,16,4
2.39408875,17,16.91,25.9,17,0
0.22377975,18,5.16,24,24,0
0,19,0,21.2,31,0
0,20,0,19.5,36,2
0,21,0,18.1,40,2
0,22,0,16.3,45,10
0,23,0,14.6,50,11
0,0,0,13.2,52,10
0,1,0,12,53,7
0,2,0,11.1,52,0
0,3,0,10.5,58,12
0,4,0,9.8,58,4
0,5,-3.8,9.3,58,0
1.2041485,6,7.74,8.9,59,0
4.4684915,7,19.52,10.2,59,0
8.4681115,8,31.49,15.3,46,0
11.6898275,9,42.74,20,35,0
13.8139625,10,52.81,23.6,28,0
14.8227475,11,60.25,27.1,23,0
15.4123875,12,62.69,29.7,20,3
14.3076975,13,58.89,31.5,18,2
11.23161225,14,50.66,32.9,17,1
8.31892375,15,40.23,32.8,18,4
5.08655,16,28.83,32.9,18,3
2.323047,17,17.08,31.7,23,0
0.2735085,18,5.33,29.2,33,0
0,19,0,26.5,39,0
0,20,0,23.5,47,9
0,21,0,20.4,53,20
0,22,0,18.4,57,23
0,23,0,16.9,58,21
0,0,0,16.2,56,11
0,1,0,15.8,55,15
0,2,0,15.5,56,17
0,3,0,15.9,70,3
0,4,0,17.3,60,0
0,5,-3.53,15.4,65,0
0.959056,6,8,14.3,64,0
3.69414275,7,19.77,16.1,45,0
7.370525,8,31.75,19,27,0
10.134027,9,43.01,19.2,32,0
10.3364945,10,53.11,19.3,33,2
11.83546525,11,60.59,19.9,30,4
10.290319,12,63.03,20.5,27,4
9.892488,13,59.18,20.8,26,0
9.292188,14,50.89,21.1,25,4
8.13066575,15,40.42,21.4,26,22
4.962228,16,29,21.1,25,23
2.127684,17,17.24,20.2,25,13
0.34810175,18,5.5,18.9,26,8
0,19,0,17.2,28,14
0,20,0,15.5,30,32
0,21,0,14.4,32,37
0,22,0,13.5,33,50
0,23,0,13.1,34,48
0,0,0,12.3,36,44
0,1,0,11.5,37,51
0,2,0,11,37,50
0,3,0,10.5,36,68
0,4,0,9.9,37,70
0,5,-3.26,9.5,38,90
0.5079445,6,8.26,9.5,38,100
2.3798805,7,20.03,9.7,37,100
3.68703825,8,32,10.4,34,100
2.4473695,9,43.29,10.8,32,100
4.5715015,10,53.42,11.7,28,100
3.50943525,11,60.93,12.6,27,100
3.18264575,12,63.37,13.1,26,100
5.02616475,13,59.46,13.7,25,100
4.12038975,14,51.11,14,25,100
4.41521075,15,40.6,12.9,26,100
4.09197325,16,29.16,13,26,100
1.51672975,17,17.4,12.8,27,100
0,18,5.67,12.8,27,100
0,19,0,12.5,28,83
0,20,0,12,31,41
0,21,0,11.6,32,57
0,22,0,10.6,38,70
0,23,0,9.8,43,66
0,0,0,9.8,45,62
0,1,0,9.7,46,56
0,2,0,9.7,47,52
0,3,0,8.7,62,52
0,4,0,8.7,63,54
0,5,-3,8.7,61,47
0.04262475,6,8.51,8,71,68
1.86483175,7,20.28,8.8,61,89
4.21629525,8,32.26,10.3,50,80
3.84332925,9,43.56,11.8,45,77
3.89661,10,53.72,12.9,44,89
7.40959725,11,61.27,14.1,44,87
7.44156725,12,63.71,15.9,44,86
4.187879,13,59.74,17.5,45,90
3.4526025,14,51.33,18.3,46,90
1.78313425,15,40.79,18.9,49,90
1.22901275,16,29.33,18.9,51,90
0.44400725,17,17.56,18.2,57,89
0.0355205,18,5.83,17.2,64,90
0,19,0,15.9,72,89
0,20,0,14.9,79,77
0,21,0,14,84,52
0,22,0,13.1,87,35
0,23,0,12.4,89,30
0,0,0,11.5,91,30
0,1,0,11.3,90,30
0,2,0,10.4,92,30
0,3,0,10.8,86,44
0,4,0,10.2,88,60
0,5,-2.74,8.6,95,62
0.998129,6,8.76,8.1,96,89
3.07608425,7,20.52,8.8,94,80
7.15740125,8,32.5,11.1,76,64
11.370145,9,43.82,12.8,69,43
13.67543,10,54.01,14.8,60,34
13.8494825,11,61.6,16.6,53,28
15.46566975,12,64.04,18.3,47,25
13.0147485,13,60.02,19.6,44,29
10.76984575,14,51.55,20.8,41,29
7.6653445,15,40.97,21.3,40,29
4.93025925,16,29.49,21.2,40,28
1.99270575,17,17.72,20.3,42,27
0.42269525,18,6,19.6,45,27
0,19,0,18.1,50,25
0,20,0,16.4,59,24
0,21,0,16.1,58,14
0,22,0,14,68,5
0,23,0,11.8,78,2
0,0,0,10.6,85,0
0,1,0,9.6,90,0
0,2,0,9.2,92,1
0,3,0,9.4,90,4
0,4,0,9.1,91,12
0.04262475,5,-2.48,8.8,91,15
1.186388,6,9.01,8.6,92,17
4.03514025,7,20.77,10.6,87,21
7.50550275,8,32.75,15.7,64,20
10.00970425,9,44.08,18.6,55,24
11.55485425,10,54.3,20.8,50,27
12.1587,11,61.93,22.7,46,28
10.03101825,12,64.37,23.9,45,29
8.7664845,13,60.29,24.8,44,37
5.9390445,14,51.76,25.2,44,61
3.907266,15,41.14,24.9,45,96
2.69956575,16,29.65,24.1,48,71
1.5167295,17,17.88,22.8,54,57
0.298373,18,6.16,21.3,61,37
0,19,-5.19,19.6,69,28
0,20,0,18.1,77,28
0,21,0,16.8,84,24
0,22,0,16.2,87,2
0,23,0,15.8,89,2
0,0,0,14.1,93,6
0,1,0,12.6,96,11
0,2,0,11.9,97,3
0,3,0,11.9,95,0
0,4,0,11.2,96,2
0.04262475,5,-2.23,10.8,97,2
1.16862775,6,9.25,10.7,97,16
3.66572575,7,21.01,12.9,91,14
7.331452,8,32.99,16.4,75,14
10.8835135,9,44.33,19.7,63,15
12.8726675,10,54.59,22.1,56,12
14.9932475,11,62.25,23.9,51,13
14.37874,12,64.7,25.2,48,18
12.7554475,13,60.56,26.1,45,18
10.76984625,14,51.98,26.7,43,23
8.80555725,15,41.32,26.2,43,32
5.18245575,16,29.81,26,44,18
2.3337035,17,18.03,25.2,47,13
0.31258125,18,6.33,23.8,54,13
0,19,-5.01,21.7,63,17
0,20,0,20.1,72,26
0,21,0,18.9,78,28
0,22,0,17.6,85,26
0,23,0,16.7,90,53
0,0,0,15.8,92,93
0,1,0,15.1,93,90
0,2,0,14.4,95,77
0,3,0,17.1,87,67
0,4,0,16.9,88,66
0,5,-1.98,15.7,93,38
0.62161025,6,9.49,14.9,96,35
1.889696,7,21.24,15.9,94,55
2.98373025,8,33.22,18.6,81,59
3.77584,9,44.59,20.2,72,67
2.14544425,10,54.87,22.4,62,100
2.94465775,11,62.57,23,60,100
2.94465775,12,65.02,22.8,60,100
3.28920775,13,60.83,23.1,59,100
0.9590565,14,52.18,23.2,60,100
0.23088375,15,41.5,23.1,60,100
0.063937,16,29.97,21.3,68,100
0,17,18.19,19,88,100
0,18,6.49,14.2,93,100
0,19,-4.82,9.2,90,100
0,20,0,8.9,89,100
0,21,0,8.4,89,100
0,22,0,7.9,90,100
0,23,0,7.8,86,100
0,0,0,7.8,79,100
0,1,0,7.5,79,100
0,2,0,6.9,81,100
0,3,0,6.7,78,100
0,4,0,6.3,81,100
0,5,-1.73,6.1,81,100
0,6,9.72,5.9,82,100
0.35520625,7,21.47,5.7,83,100
0.68554725,8,33.45,5.7,83,100
1.4527925,9,44.83,5.9,82,100
2.298183,10,55.15,6.2,80,100
3.76163175,11,62.89,7.3,74,100
4.745552,12,65.34,8,70,98
9.3561275,13,61.09,8.7,67,100
6.48606175,14,52.39,10,62,100
1.90035225,15,41.67,10.9,59,100
1.64460375,16,30.13,11.2,58,99
0.63226675,17,18.35,10.9,58,83
0,18,6.66,10.7,59,82
0,19,-4.65,10,62,75
0,20,0,9.6,64,91
0,21,0,9.2,69,54
0,22,0,8.1,81,51
0,23,0,7.9,84,64
0,0,0,7.7,90,63
0,1,0,7.4,88,86
0,2,0,7.1,91,95
0,3,0,7.1,87,61
0,4,0,6.9,90,64
0,5,-1.49,6.5,94,80
0.117218,6,9.95,6.3,94,100
0.2131235,7,21.69,6.6,90,100
1.0265455,8,33.67,6.9,87,100
1.889696,9,45.07,7.8,80,100
2.16320475,10,55.42,8.5,75,90
4.28733675,11,63.2,9.1,72,90
5.4310995,12,65.66,11.2,63,90
10.79116025,13,61.36,12.2,59,90
8.66347425,14,52.59,13.4,55,81
6.96203775,15,41.84,13.1,55,86
4.891187,16,30.29,13.3,53,84
1.61263525,17,18.5,13,53,51
0.475976,18,6.82,12.6,54,44
0,19,-4.47,11.8,58,32
0,20,0,10.6,67,30
0,21,0,9.7,70,29
0,22,0,9.7,68,41
0,23,0,8.5,74,46
0,0,0,8.3,75,36
0,1,0,9.5,68,47
0,2,0,9.5,68,61
0,3,0,8.8,72,92
0,4,0,8.6,75,99
0,5,-1.26,8.2,79,98
0,6,10.17,8,83,95
0,7,21.92,8.2,82,100
0.21312375,8,33.9,8.4,83,100
0.1953635,9,45.31,8.3,89,100
0.88091075,10,55.68,8.3,90,100
1.58777075,11,63.51,8.1,84,100
2.3337035,12,65.97,7.8,82,100
1.300054,13,61.61,7.5,85,100
0.91287925,14,52.8,8.1,84,100
0.28416475,15,42.01,7.8,85,100
0.2060195,16,30.44,8,81,100
0.0888015,17,18.65,8.3,78,100
0,18,6.98,8.1,78,100
0,19,-4.29,7.9,80,100
0,20,0,7.7,82,96
0,21,0,7.6,82,93
0,22,0,7.6,82,88
0,23,0,7.3,84,72
0,0,0,7.2,85,80
0,1,0,6.8,87,56
0,2,0,6.2,91,52
0,3,0,5.8,93,37
0,4,0,5,96,57
0.060385,5,-1.02,4.3,96,79
1.477657,6,10.4,4.1,95,74
4.77752075,7,22.13,5.6,90,71
9.42006325,8,34.11,8.4,79,64
10.72722075,9,45.54,10.7,68,54
11.56906025,10,55.94,12.5,62,51
11.522883,11,63.81,14.4,58,42
10.997178,12,66.28,15.7,55,32
9.7681665,13,61.87,16.5,55,30
7.34566075,14,53,17,54,30
5.6335675,15,42.18,16.8,56,30
3.239479,16,30.6,16.7,57,30
0.96616,17,18.81,16,59,30
0.2095715,18,7.14,14.9,65,30
0,19,-4.11,13.6,71,35
0,20,0,12.4,76,56
0,21,0,11.6,83,36
0,22,0,11.1,83,29
0,23,0,10.3,86,26
0,0,0,9.4,90,9
0,1,0,8.5,93,0
0,2,0,7.6,95,0
0,3,0,6.8,95,0
0,4,0,6.2,96,0
0.03907275,5,-0.8,5.8,96,0
1.3675435,6,10.61,5.7,96,0
4.2908885,7,22.35,8.3,91,0
7.6546895,8,34.32,12.9,74,0
10.727223,9,45.76,16,64,0
13.1852475,10,56.2,18.5,58,0
14.567,11,64.11,20.6,54,0
15.12112,12,66.59,22.4,51,0
14.34677,13,62.12,23.6,49,2
12.1267325,14,53.19,24.5,48,4
8.876598,15,42.34,24.6,49,4
5.4311,16,30.75,24.2,52,0
2.25555825,17,18.96,23.4,55,0
0.3942785,18,7.3,22.1,62,13
0,19,-3.93,20.5,68,31
0,20,0,18.7,74,36
0,21,0,17.1,77,66
0,22,0,16.6,69,60
0,23,0,16.6,52,46
0,0,0,16.7,37,29
0,1,0,16.3,30,6
0,2,0,15.3,30,0
0,3,0,13.4,40,8
0,4,0,12.5,40,19
0.053281,5,-0.57,12,40,52
1.484761,6,10.83,12.5,40,46
4.23050375,7,22.55,13.4,45,15
8.1306655,8,34.53,16.2,45,1
11.529985,9,45.98,18.8,34,0
14.094575,10,56.45,19.9,26,0
13.043164,11,64.4,20.5,24,0
16.609433,12,66.89,21,22,0
16.24001975,13,62.36,21.3,20,0
14.4746475,14,53.39,21.5,18,0
11.30620775,15,42.51,21.5,18,0
7.22133825,16,30.9,21.3,17,0
3.0441155,17,19.11,20.9,18,0
0.5505695,18,7.46,19.8,24,0
0,19,-3.76,18,28,0
0,20,0,15,32,0
0,21,0,12.8,34,0
0,22,0,11.1,37,14
0,23,0,9.9,40,25
0,0,0,9.1,42,27
0,1,0,8.5,43,27
0,2,0,8.1,43,26
0,3,0,8.6,45,27
0,4,0,7.9,47,26
0.1953635,5,-0.35,7.2,49,26
1.91456025,6,11.03,6.8,56,21
5.04747725,7,22.76,9.1,65,21
9.67225825,8,34.73,15.1,50,20
12.8051775,9,46.2,19.3,31,9
15.33069225,10,56.69,21.4,20,5
16.435382,11,64.69,22.4,17,5
16.4957695,12,67.18,23.1,16,9
15.7249725,13,62.61,23.6,17,6
13.9773575,14,53.58,23.9,17,1
10.91548075,15,42.67,23.9,17,1
6.85902775,16,31.05,23.7,17,1
2.891377,17,19.26,23.3,18,1
0.54346525,18,7.62,22,28,1
0,19,-3.58,19.8,32,4
0,20,0,16.8,39,9
0,21,0,14.2,43,11
0,22,0,12.2,49,4
0,23,0,10.9,54,6
0,0,0,10.2,57,6
0,1,0,9.6,59,3
0,2,0,9.2,61,1
0,3,0,9.9,55,0
0,4,0,10,52,0
0.10656175,5,-0.14,9.8,52,0
1.69078075,6,11.24,9.6,55,0
5.079446,7,22.95,11.4,56,3
9.192731,8,34.92,15.5,51,10
12.6133675,9,46.41,19.5,42,9
14.954175,10,56.93,22.3,33,1
16.176082,11,64.97,24.2,27,3
16.1902905,12,67.48,25.3,22,23
15.458565,13,62.85,25.9,19,5
12.318545,14,53.76,26.2,18,0
10.46081475,15,42.83,26.5,16,0
6.454093,16,31.2,26.2,17,0
2.73863825,17,19.41,25.2,21,4
0.600298,18,7.78,23.3,28,4
0,19,-3.41,20.8,32,0
0,20,0,18.6,36,2
0,21,0,16.3,42,0
0,22,0,14,48,0
0,23,0,12.7,51,5
0,0,0,11.7,53,16
0,1,0,11,55,12
0,2,0,10.5,56,4
0,3,0,10.4,55,0
0,4,0,9.8,58,0
0.1562905,5,0.07,9.3,60,0
1.6836765,6,11.44,9.1,63,0
5.11496675,7,23.15,11.2,64,24
8.8908065,8,35.12,16.1,56,30
12.5032525,9,46.61,20.4,42,30
14.67711,10,57.17,22.6,33,30
14.29349,11,65.24,24.2,30,30
12.5920525,12,67.76,25.5,29,31
9.76106025,13,63.08,26.3,27,32
8.01344775,14,53.95,26.6,25,36
6.390156,15,42.99,25.9,25,30
3.9179225,16,31.35,25.3,27,30
1.9713935,17,19.56,24.2,32,30
0.522153,18,7.94,22.7,35,30
0,19,-3.23,21.1,38,29
0,20,0,19.7,41,30
0,21,0,18.4,48,30
0,22,0,16.6,54,30
0,23,0,15,60,30
0,0,0,13.8,65,30
0,1,0,13.3,68,31
0,2,0,13,70,35
0,3,0,12.4,72,37
0,4,0,11.6,76,33
0.04617675,5,0.28,11.1,79,12
1.363991,6,11.63,11.1,81,2
4.365482,7,23.34,13.3,80,2
8.10935325,8,35.3,18,60,0
11.2742375,9,46.81,20.7,49,0
13.58663,10,57.39,22.4,44,0
14.8227475,11,65.51,23.7,41,1
14.8831325,12,68.05,24.7,38,5
14.0803675,13,63.32,25.4,36,9
12.2546075,14,54.13,25.7,34,16
9.21404325,15,43.14,25.9,32,14
5.31032975,16,31.5,26,32,13
2.85585625,17,19.71,25.6,34,9
0.10300975,18,8.1,24.6,41,6
0,19,-3.06,23,48,19
0,20,0,21.3,56,10
0,21,0,19.8,60,8
0,22,0,16.8,71,4
0,23,0,15.5,76,17
0,0,0,15,77,27
0,1,0,14.6,77,28
0,2,0,14.2,78,26
0,3,0,14.1,72,22
0,4,0,13.4,75,20
0.16339475,5,0.48,12.9,78,20
1.63394775,6,11.82,13,81,28
4.084869,7,23.52,16,62,29
6.5109265,8,35.48,18.6,42,30
7.64403375,9,47,19.3,38,31
10.32228625,10,57.62,19.8,35,42
11.16057125,11,65.78,19.8,33,39
13.6612225,12,68.33,19.6,31,36
13.8992125,13,63.55,19.8,28,32
12.3007825,14,54.31,20.1,26,31
9.19628325,15,43.3,21.3,23,29
4.78107275,16,31.64,21,22,35
1.641052,17,19.85,20.3,21,33
0.397831,18,8.25,19.3,23,34
0,19,-2.89,18,25,29
0,20,0,16.5,32,28
0,21,0,14.2,40,29
0,22,0,12.8,44,30
0,23,0,12.2,50,30
0,0,0,12.1,51,30
0,1,0,11.8,52,30
0,2,0,11.1,55,30
0,3,0,11.3,56,30
0,4,0,11.6,55,30
0.0852495,5,0.68,11.2,56,30
1.8008945,6,12,10.9,58,30
5.09010225,7,23.7,11.5,60,30
8.68833925,8,35.66,13.5,52,30
11.544195,9,47.19,15.3,43,30
14.1514075,10,57.83,16.9,33,30
15.1566425,11,66.04,18.2,24,29
15.1388775,12,68.6,19,22,29
14.2899375,13,63.77,19.6,21,35
11.878085,14,54.49,20.1,21,41
8.23012325,15,43.45,20.1,23,30
5.00130075,16,31.79,20.3,24,40
2.48644225,17,20,19.9,24,30
0.543465,18,8.41,18.9,26,30
0,19,-2.72,17.1,29,30
0,20,0,15.6,31,30
0,21,0,14.5,35,30
0,22,0,13.1,42,30
0,23,0,12,47,30
0,0,0,11.1,53,30
0,1,0,10.1,59,30
0,2,0,9.4,64,30
0,3,0,9.2,67,30
0,4,0,8.6,70,30
0.24509225,5,0.87,8.2,72,30
1.84351925,6,12.18,8.4,73,29
4.91960325,7,23.87,11.1,69,28
9.15721025,8,35.83,16,51,28
11.576165,9,47.37,19,37,28
13.7002975,10,58.04,20.9,31,29
15.38042,11,66.29,22.5,27,29
16.09438475,12,68.87,23.5,22,29
14.5918625,13,63.99,24.2,20,30
12.07345375,14,54.67,24.5,19,30
7.95661475,15,43.6,24.5,19,30
5.10431,16,31.93,24.2,20,30
2.32659925,17,20.15,23.5,21,30
0.53636125,18,8.56,22.1,24,30
0,19,-2.55,20.1,26,30
0,20,0,18.4,28,30
0,21,0,17.2,31,34
0,22,0,15.8,37,36
0,23,0,14.6,42,39
0,0,0,14.2,45,50
0,1,0,14,47,59
0,2,0,14.4,45,75
0,3,0,14.7,45,84
0,4,0,14.5,46,85
0.06748925,5,1.06,14.5,48,83
1.054962,6,12.36,14.7,49,86
3.32117625,7,24.04,16,48,86
6.209001,8,35.99,17.9,45,88
7.75059525,9,47.55,19.7,41,86
5.95325275,10,58.25,21.1,38,87
7.963719,11,66.54,22.1,37,83
7.90688575,12,69.14,22.7,36,84
6.0456065,13,64.21,23.2,35,81
4.8911865,14,54.84,23.5,34,81
4.390346,15,43.75,23,33,84
2.3372555,16,32.07,21.5,40,91
1.88614375,17,20.29,20.8,43,89
0.245092,18,8.71,19.8,49,82
0,19,-2.39,18.4,56,50
0,20,0,17,64,32
0,21,0,15.9,69,36
0,22,0,15.4,70,32
0,23,0,15,68,29
0,0,0,14.7,65,26
0,1,0,14.5,61,17
0,2,0,14.2,59,5
0,3,0,13.8,58,3
0,4,0,13,60,6
0.1420825,5,1.24,12.3,62,18
1.768926,6,12.53,12.1,62,21
5.370715,7,24.2,14.1,58,14
7.9992395,8,36.15,17.6,48,12
10.627764,9,47.72,20.9,39,11
14.4391225,10,58.44,23.6,26,10
15.81732475,11,66.79,25.4,19,10
15.88126225,12,69.4,26.3,17,12
14.8298475,13,64.43,26.8,17,6
12.9508125,14,55.01,27.1,16,4
10.013258,15,43.9,27,16,5
6.25517775,16,32.21,26.8,16,4
2.9730745,17,20.43,26.3,17,0
0.74238075,18,8.86,25.2,22,10
0,19,-2.22,23,28,30
0,20,0,20.8,33,37
0,21,0,18.9,39,34
0,22,0,17.2,44,37
0,23,0,16.4,47,31
0,0,0,15.6,50,32
0,1,0,14.8,53,37
0,2,0,14.1,57,58
0,3,0,14.9,51,74
0,4,0,15,49,80
0.08169725,5,1.42,15.3,48,70
1.4883135,6,12.69,15.5,48,26
2.91979375,7,24.36,17.2,46,11
4.2873365,8,36.31,19.8,40,17
10.48568275,9,47.89,22,33,22
12.2546075,10,58.63,23.5,29,20
13.6079425,11,67.02,24.7,27,23
2.61786825,12,69.66,25.5,26,19
4.9160515,13,64.64,26.2,26,29
3.374457,14,55.18,26.5,26,34
3.15778175,15,44.05,27.1,22,47
3.76163175,16,32.35,24.2,34,33
2.067299,17,20.57,22.7,41,28
0.54701725,18,9.01,22.3,42,26
0,19,-2.05,21,46,23
0,20,0,19.1,52,25
0,21,0,17.5,58,29
0,22,0,16.5,61,24
0,23,0,15.7,64,21
0,0,0,15.1,65,16
0,1,0,14.5,67,11
0,2,0,13.9,69,4
0,3,0,13.4,71,0
0,4,0,13,73,0
0.28416475,5,1.59,12.6,74,0
1.98915375,6,12.85,12.5,74,0
4.95157175,7,24.52,14.7,68,0
8.78424575,8,36.45,18.6,56,0
11.88164,9,48.04,21.8,45,0
13.8850025,10,58.82,23.8,39,1
14.9967975,11,67.25,25.3,35,5
14.9861425,12,69.91,26.6,32,9
12.7661025,13,64.85,27.4,30,16
10.07008825,14,55.35,27.8,28,14
6.1166475,15,44.19,26.5,32,9
1.399512,16,32.49,24.7,38,6
0,17,20.71,24.3,39,12
0.28061275,18,9.16,23.8,41,23
0.0852495,19,-1.89,22.6,46,26
0,20,0,20.8,53,14
0,21,0,19,60,7
0,22,0,17.2,68,8
0,23,0,15.9,74,4
0,0,0,15.1,78,4
0,1,0,14.4,80,2
0,2,0,13.8,82,1
0,3,0,13.5,87,1
0,4,0,13,87,1
0.0888015,5,1.76,12.5,88,15
0.9732645,6,13.01,12.5,87,30
2.29818275,7,24.67,15.5,76,29
2.70667,8,36.6,19.3,59,60
9.8640705,9,48.2,22.2,46,73
5.96035825,10,59,24.3,38,34
2.319495,11,67.48,25.2,34,20
3.26434325,12,70.16,25.8,27,30
6.08823025,13,65.05,24.9,23,15
12.211985,14,55.51,23.6,21,1
9.2353565,15,44.33,22.8,16,0
5.72592075,16,32.62,22.2,16,1
3.2146145,17,20.85,21.3,15,2
1.1650755,18,9.31,20.5,15,3
0,19,-1.73,18.9,18,4
0,20,0,17.1,20,7
0,21,0,15.6,22,10
0,22,0,14.4,24,11
0,23,0,13.4,25,7
0,0,0,12.2,28,3
0,1,0,11,30,0
0,2,0,10.2,31,0
0,3,0,10.1,30,0
0,4,0,9.4,30,0
0.298373,5,1.92,8.7,31,0
1.90390425,6,13.16,8.5,36,0
5.42754775,7,24.81,10.9,38,0
9.341918,8,36.74,14.9,23,0
12.389585,9,48.35,17.1,17,0
14.9364125,10,59.17,18.8,15,0
16.17253025,11,67.7,20.4,15,0
16.2116045,12,70.4,22,15,0
15.2916175,13,65.25,23.3,14,0
13.3415375,14,55.67,24.5,14,0
10.3649115,15,44.47,25.1,14,0
6.514478,16,32.76,25.5,14,0
2.91979325,17,20.99,25,16,4
0.66068325,18,9.45,23,22,8
0,19,-1.57,20.3,28,2
0,20,0,18.3,33,0
0,21,0,16.9,38,0
0,22,0,15,45,0
0,23,0,13.2,51,0
0,0,0,11.9,55,0
0,1,0,11,56,0
0,2,0,10.4,58,2
0,3,0,9.6,63,2
0,4,0,9.4,62,3
0.33744575,5,2.08,9.3,61,14
1.6410515,6,13.3,9.7,61,13
4.64964675,7,24.95,13,55,30
7.42380575,8,36.87,17.3,43,30
9.0932735,9,48.49,20.5,36,30
9.2673235,10,59.34,23.2,31,30
10.8373335,11,67.91,25.3,29,30
9.4804485,12,70.64,26.9,27,30
6.8732365,13,65.45,27.8,25,30
4.489804,14,55.83,27.6,25,30
2.71022175,15,44.61,25.8,29,30
2.59300375,16,32.89,25.5,30,31
1.76537375,17,21.12,25.1,31,31
0.529257,18,9.6,24,37,34
0,19,-1.41,22.7,42,39
0,20,0,21.1,49,36
0,21,0,20,51,34
0,22,0,18.9,54,10
0,23,0,16.7,61,10
0,0,0,15.4,66,14
0,1,0,14.4,70,2
0,2,0,13.7,73,0
0,3,0,13.3,73,0
0,4,0,13,75,0
0.234436,5,2.23,12.6,77,0
1.7440615,6,13.44,12.7,78,0
4.46849175,7,25.08,15.7,69,0
7.62272125,8,37,20.2,54,2
10.4395045,9,48.63,24,43,5
11.7324525,10,59.5,26.7,36,18
13.75713,11,68.12,28.7,32,20
12.904635,12,70.87,28.5,33,22
10.35070225,13,65.64,29.2,30,29
9.65805125,14,55.98,29.9,27,28
6.97269375,15,44.75,30.7,27,31
2.955314,16,33.02,30.8,25,24
1.55935425,17,21.26,30.2,25,29
0.37296625,18,9.74,28.7,33,27
0,19,-1.26,26.4,42,29
0,20,0,24.4,50,30
0,21,0,22.2,57,28
0,22,0,20.6,58,21
0,23,0,19.6,51,19
0,0,0,19,40,30
0,1,0,18.3,33,30
0,2,0,17.6,31,29
0,3,0,16.8,31,30
0,4,0,16.3,31,28
0.298373,5,2.37,15.7,31,30
2.04598675,6,13.58,15.5,34,30
4.432971,7,25.21,17.5,37,30
7.57299175,8,37.12,21.1,36,29
8.23722725,9,48.76,24.8,31,27
8.77714075,10,59.66,28.2,21,24
11.4873625,11,68.32,30.2,17,25
13.57242,12,71.1,31.3,15,30
12.613365,13,65.83,32,14,29
10.55672275,14,56.13,32,14,30
6.9549335,15,44.89,31.8,15,29
3.8042565,16,33.15,31.2,16,30
1.822207,17,21.39,29.7,22,30
0.33389375,18,9.88,27.9,27,30
0,19,-1.1,26.2,31,30
0,20,0,24.6,34,30
0,21,0,23,39,30
0,22,0,21.4,44,24
0,23,0,20.4,47,6
0,0,0,19.5,49,0
0,1,0,18.9,49,0
0,2,0,18.4,46,0
0,3,0,18.1,42,0
0,4,0,18,39,0
0.23088375,5,2.52,17.6,40,0
1.71919725,6,13.71,17.3,43,0
4.65675075,7,25.33,19.1,44,0
7.97792675,8,37.24,22.9,38,0
10.812472,9,48.88,25.9,32,0
12.94726,10,59.81,28.1,28,0
14.332565,11,68.51,29.8,25,0
14.350325,12,71.32,31.2,22,1
13.3237775,13,66.01,31.9,21,8
11.235165,14,56.28,32.5,20,5
8.41838225,15,45.02,32.1,24,15
5.0474775,16,33.28,31.6,25,7
2.36212,17,21.52,31,26,4
0.70685975,18,10.02,29.6,30,0
0,19,-0.95,27.6,34,0
0,20,0,25.9,38,0
0,21,0,24.4,43,0
0,22,0,23.1,48,0
0,23,0,21.8,55,17
0,0,0,20.6,61,31
0,1,0,19.4,67,38
0,2,0,18.6,71,38
0,3,0,18,73,33
0,4,0,17.7,77,36
0,5,2.65,17.2,83,42
0.348102,6,13.83,17.2,87,80
0.813422,7,25.45,19.1,79,98
2.5077545,8,37.35,20.3,75,100
3.3886655,9,49,21.5,70,100
5.5412135,10,59.95,23.3,62,100
3.6231015,11,68.7,24.7,56,100
4.50046,12,71.53,26,52,100
5.3458505,13,66.2,27,49,100
4.557293,14,56.43,27.2,48,100
4.90894725,15,45.15,26,51,100
3.1506775,16,33.41,26.1,52,72
1.3355745,17,21.65,25.7,53,100
0.25574825,18,10.16,24.9,56,94
0,19,-0.8,23.9,61,49
0,20,0,22.6,65,52
0,21,0,21.5,70,33
0,22,0,20.5,75,38
0,23,0,19.4,79,14
0,0,0,18.3,85,34
0,1,0,17.5,89,59
0,2,0,17.8,87,65
0,3,0,18.5,81,56
0,4,0,19.3,65,65
0.04617675,5,2.78,20.2,49,59
1.26098125,6,13.95,20.2,40,48
2.35146375,7,25.56,20.2,36,16
6.27293825,8,37.45,20.5,24,19
11.03980025,9,49.12,20.9,15,2
11.5299875,10,60.09,21.6,12,0
15.21702475,11,68.88,22.8,11,0
11.5797165,12,71.74,23.7,10,2
13.902764,13,66.37,23.7,13,8
10.6313165,14,56.58,23.3,15,11
10.35070325,15,45.28,22.8,15,8
6.84126775,16,33.53,22.4,14,4
3.0547715,17,21.78,21.7,13,2
0.962608,18,10.3,20.8,12,6
0,19,-0.65,19.4,12,1
0,20,0,17.9,10,0
0,21,0,16.8,10,0
0,22,0,15.7,11,2
0,23,0,14.6,12,11
0,0,0,13.7,14,4
0,1,0,13.2,14,2
0,2,0,13,15,0
0,3,0,13.8,13,0
0,4,0,14.2,13,0
0.28771675,5,2.91,14.4,13,0
1.87903975,6,14.07,14.6,15,0
5.29967375,7,25.67,16,16,0
9.06130425,8,37.56,17.9,15,0
12.2048775,9,49.22,19.5,14,0
14.4533325,10,60.22,21.1,13,0
15.490535,11,69.05,22.5,12,0
15.8528425,12,71.95,23.7,12,0
15.1069125,13,66.55,24.8,12,0
13.22432,14,56.72,25.7,11,0
10.2192785,15,45.41,26,11,0
6.4079165,16,33.66,26.1,11,0
2.73508625,17,21.91,25.7,11,0
0.67133925,18,10.43,24.8,13,0
0,19,-0.51,22.9,17,0
0,20,0,20.7,19,1
0,21,0,18.6,21,3
0,22,0,17,24,2
0,23,0,16,25,2
0,0,0,15.4,26,11
0,1,0,15,26,28
0,2,0,14.9,25,29
0,3,0,15.4,23,24
0,4,0,15.4,22,7
0.47597625,5,3.03,15.2,22,0
1.91100825,6,14.18,15.3,24,4
5.0155085,7,25.77,17.7,24,11
8.809109,8,37.65,21.7,20,20
10.4856825,9,49.33,25.1,16,19
14.3929475,10,60.34,27.1,13,19
16.34657975,11,69.22,28.4,12,19
12.9898825,12,72.15,29.4,12,16
13.7642325,13,66.72,30.2,11,16
13.3521925,14,56.86,30.8,11,13
9.1927315,15,45.53,31,11,13
5.31388175,16,33.78,31.2,11,0
2.596556,17,22.03,30.9,11,0
0.67489125,18,10.56,30,13,0
0,19,-0.36,28.1,17,0
0,20,0,24.7,21,0
0,21,0,21.5,26,0
0,22,0,20.2,27,0
0,23,0,19.2,27,0
0,0,0,18.4,27,0
0,1,0,17.6,28,0
0,2,0,16.9,29,0
0,3,0,16.4,29,0
0,4,0,16,29,0
0.2770605,5,3.15,15.6,29,0
1.761822,6,14.28,15.8,29,0
4.90894725,7,25.87,18.6,28,0
8.66347475,8,37.74,23.4,23,0
11.668515,9,49.42,27.9,17,0
13.7962025,10,60.46,31,12,0
15.0855975,11,69.38,32.9,10,0
15.41594,12,72.34,34.2,8,0
14.542135,13,66.88,34.9,8,7
12.6630925,14,56.99,35.4,7,2
9.7148845,15,45.66,35.8,7,0
6.02429375,16,33.9,35.7,7,0
2.58234775,17,22.15,35.2,8,0
0.60029825,18,10.69,33.9,10,0
0,19,-0.22,31.4,13,0
0,20,0,27.2,18,0
0,21,0,24.3,22,0
0,22,0,22.9,23,0
0,23,0,22.2,23,0
0,0,0,21.8,21,0
0,1,0,21.5,19,0
0,2,0,21.5,18,0
0,3,0,23.1,15,0
0,4,0,22.4,15,0
0.24864425,5,3.26,21.4,16,0
1.77603,6,14.38,20.8,18,0
4.80593725,7,25.96,22.7,20,0
8.510736,8,37.83,26.8,18,0
11.490915,9,49.52,30.9,14,0
13.2989125,10,60.57,33.9,11,0
14.0839175,11,69.54,35.9,9,0
14.5208225,12,72.53,37.2,8,0
13.9667025,13,67.04,38.1,8,0
11.50867525,14,57.13,38.6,7,0
8.31892575,15,45.78,38.4,8,8
4.6851675,16,34.02,38.3,8,26
1.950081,17,22.28,37.7,9,27
0.9093275,18,10.82,36.1,12,26
0,19,-0.08,33.5,15,28
0,20,0,31,17,26
0,21,0,28.2,21,29
0,22,0,26.3,25,29
0,23,0,25.5,25,30
0,0,0,25.2,24,27
0,1,0,24.8,22,29
0,2,0,24.3,22,30
0,3,0,22.8,24,30
0,4,0,22.3,25,30
0.43335125,5,3.36,21.7,27,29
1.21835675,6,14.47,21.5,29,30
4.912499,7,26.05,22.7,30,28
6.37239575,8,37.91,25.1,28,32
6.89454875,9,49.6,28.6,23,33
9.72909425,10,60.68,30.9,19,38
3.94278675,11,69.68,32.3,18,32
11.526436,12,72.72,33.1,16,25
12.7234775,13,67.2,33.8,15,24
10.894168,14,57.26,34.9,13,20
6.96914125,15,45.9,34.6,13,26
2.717326,16,34.13,34.4,13,36
1.186388,17,22.4,33.7,14,26
0.4404555,18,10.95,32.3,17,17
0.03907275,19,0.05,29.9,23,9
0,20,0,27.8,27,6
0,21,0,26.2,32,0
0,22,0,24.3,37,0
0,23,0,22.3,42,1
0,0,0,21,45,0
0,1,0,20,47,0
0,2,0,19.2,49,0
0,3,0,18.8,48,0
0,4,0,18,51,0
0.24864425,5,3.46,17.4,55,0
1.6410515,6,14.56,17.4,60,0
4.205639,7,26.13,21.1,50,0
7.445118,8,37.98,24.5,36,0
10.3507035,9,49.68,26.6,33,0
12.403795,10,60.78,28.4,30,0
13.490725,11,69.82,30.2,28,0
13.526245,12,72.89,31.6,27,15
12.3753775,13,67.36,32.8,26,24
10.4892315,14,57.39,33.7,25,29
8.01699975,15,46.01,33.7,26,21
4.46849175,16,34.25,33.8,27,25
2.18096475,17,22.51,33.5,28,32
0.66778725,18,11.07,32.6,31,31
0,19,0.19,30.9,36,35
0,20,0,29.1,41,20
0,21,0,28,44,22
0,22,0,26.7,49,34
0,23,0,25.3,54,25
0,0,0,24.1,58,20
0,1,0,23.2,61,6
0,2,0,22.5,64,5
0,3,0,21.6,66,20
0,4,0,20.8,70,6
0.22733175,5,3.55,20.1,73,6
1.225461,6,14.64,20.1,76,28
3.32828025,7,26.21,23.5,62,19
5.4595165,8,38.05,26.3,50,14
3.45970675,9,49.76,28.4,45,21
9.008024,10,60.87,30.3,41,41
9.97418425,11,69.96,31.3,39,26
11.6045825,12,73.07,30.8,42,24
4.19853525,13,67.51,31.6,37,21
5.73302525,14,57.51,32.3,29,17
6.7595705,15,46.13,32.4,25,10
4.2837845,16,34.36,32.7,18,15
2.5787955,17,22.63,32,19,4
0.760141,18,11.19,30.3,21,28
0,19,0.32,28.4,24,28
0,20,0,26.2,27,31
0,21,0,24.4,31,33
0,22,0,22.6,39,29
0,23,0,21.5,47,27
0,0,0,20.4,51,25
0,1,0,19.3,52,22
0,2,0,18.4,51,21
0,3,0,17.8,39,24
0,4,0,17.6,38,12
0.43335125,5,3.64,17.1,38,9
2.369224,6,14.72,17.1,38,15
4.2198475,7,26.28,18.5,36,0
7.68665825,8,38.12,20.1,30,6
9.68291725,9,49.83,21.6,27,23
14.510165,10,60.96,22.9,23,25
15.6184075,11,70.09,24,20,23
15.803115,12,73.23,25,18,4
12.7057175,13,67.65,25.8,17,1
12.5565325,14,57.63,26.3,16,23
7.2177855,15,46.24,26.3,16,29
5.5199015,16,34.47,26.3,16,29
2.23424575,17,22.74,26,16,29
0.955504,18,11.31,25.6,16,30
0.04617675,19,0.45,24.7,20,30
0,20,0,23.5,22,30
0,21,0,22.2,25,32
0,22,0,21.1,27,32
0,23,0,20.2,30,31
0,0,0,19.5,32,30
0,1,0,18.8,34,29
0,2,0,18.1,37,30
0,3,0,17,42,24
0,4,0,16,45,22
0.404935,5,3.73,15.3,47,25
1.89324825,6,14.8,15.6,47,21
4.795281,7,26.34,18.3,43,11
8.088041,8,38.18,22.5,31,3
10.901275,9,49.89,25.3,21,0
13.3060175,10,61.04,27.3,18,0
14.52437,11,70.21,28.7,15,0
14.3503225,12,73.39,29.8,13,0
13.6079425,13,67.79,30.6,12,0
11.870985,14,57.75,31.2,11,0
9.23890925,15,46.35,31.2,11,1
5.78985825,16,34.58,31.2,11,1
2.55393125,17,22.85,30.9,11,1
0.72817225,18,11.43,30.1,14,5
0.04617675,19,0.57,27.8,20,7
0,20,0,25.5,23,4
0,21,0,24,26,2
0,22,0,22.3,30,3
0,23,0,20.8,33,0
0,0,0,19.6,36,0
0,1,0,18.8,37,0
0,2,0,18,38,0
0,3,0,17.8,38,0
0,4,0,17.3,39,0
0.3232375,5,3.81,16.7,41,0
1.7405095,6,14.87,16.8,43,0
4.58570975,7,26.41,19.2,42,0
8.1484255,8,38.23,23.1,35,0
10.78050175,9,49.95,26.6,29,0
12.6027125,10,61.11,29.1,23,0
13.9382825,11,70.32,30.9,19,5
14.371635,12,73.55,32.2,17,16
12.9223975,13,67.93,33,14,25
11.18188575,14,57.87,33.3,12,29
9.02578475,15,46.46,33.1,12,29
4.8130415,16,34.69,32.6,12,27
2.24135,17,22.96,31.7,13,30
0.831182,18,11.55,30.3,15,30
0.04262475,19,0.7,28.3,18,30
0,20,0,26.5,20,30
0,21,0,25.1,23,31
0,22,0,23.7,26,31
0,23,0,22.2,29,30
0,0,0,21.4,32,30
0,1,0,20.7,34,30
0,2,0,20.2,35,34
0,3,0,20,36,32
0,4,0,19.6,38,35
0.28771675,5,3.88,18.7,41,43
1.28229375,6,14.93,18.6,44,31
4.2837845,7,26.46,21,40,36
6.88389225,8,38.28,24.4,32,29
10.574483,9,50.01,27,26,43
12.3327525,10,61.18,29,21,26
11.576165,11,70.43,30.4,18,13
11.235165,12,73.69,31.3,17,26
6.22676125,13,68.06,31.8,16,34
10.6988075,14,57.99,31.6,16,44
9.1998365,15,46.56,31.6,16,52
5.59804675,16,34.79,31.4,16,44
2.67114925,17,23.07,30.7,16,22
0.89867125,18,11.66,29.7,18,23
0,19,0.82,27.9,22,0
0,20,0,25.7,26,0
0,21,0,24.2,30,0
0,22,0,23.4,32,0
0,23,0,20.9,37,0
0,0,0,18.9,39,0
0,1,0,17.7,36,0
0,2,0,18.1,29,0
0,3,0,19.4,27,0
0,4,0,19.3,25,2
0.34810175,5,3.95,17.3,30,5
1.77958225,6,14.99,15.8,39,1
4.5253245,7,26.51,17.9,48,0
7.938854,8,38.33,22,16,0
10.897719,9,50.05,23.7,13,1
12.98278,10,61.25,25.3,12,0
14.3183525,11,70.53,26.6,13,0
14.2615225,12,73.83,27.8,14,0
12.936605,13,68.19,28.9,14,0
11.856775,14,58.1,29.6,14,1
6.1734805,15,46.67,29.8,14,0
4.8094895,16,34.89,29.8,15,6
2.82033575,17,23.17,29.1,16,29
0.66423525,18,11.77,27.8,18,44
0,19,0.93,26.3,21,49
0,20,0,25,24,53
0,21,0,24.2,28,41
0,22,0,23.2,33,64
0,23,0,22.7,34,73
0,0,0,21.4,39,67
0,1,0,20.6,43,50
0,2,0,19.8,45,37
0,3,0,19.3,45,38
0,4,0,18.7,47,41
0.060385,5,4.01,18.2,49,47
0.6642355,6,15.04,18,56,28
2.39408875,7,26.56,20.3,48,11
7.55523175,8,38.37,22.6,34,13
10.6917025,9,50.1,24.4,31,0
8.7806935,10,61.31,26,29,1
5.27125725,11,70.62,27.5,28,7
6.94427825,12,73.97,29,26,10
8.72030925,13,68.32,30.1,25,3
9.3454715,14,58.21,30.9,23,6
8.60664175,15,46.77,32,19,6
5.32809025,16,34.99,31.8,18,13
2.47933775,17,23.27,32,17,24
0.6855475,18,11.87,31.2,19,35
0,19,1.05,28.9,26,16
0,20,0,26.8,32,18
0,21,0,25.4,36,8
0,22,0,23.9,42,1
0,23,0,22,48,0
0,0,0,20.4,54,0
0,1,0,19.2,59,0
0,2,0,18.3,62,0
0,3,0,17.3,65,0
0,4,0,16.7,65,0
0.2628525,5,4.07,16.3,63,0
1.58066675,6,15.09,16.6,58,17
3.9889635,7,26.6,20.3,45,5
6.48250975,8,38.4,24.8,32,0
9.34546975,9,50.14,28.7,23,0
11.405665,10,61.36,32,18,0
12.6986175,11,70.71,34.1,14,1
11.37369825,12,74.1,35.6,11,4
10.90127225,13,68.44,36.5,10,8
6.8980995,14,58.31,36.7,9,14
2.67470125,15,46.87,35.9,11,14
2.81323175,16,35.09,35.5,11,16
1.23256475,17,23.37,34.8,12,10
0.5114965,18,11.98,33.5,16,23
0,19,1.16,31.5,19,15
0,20,0,29,22,10
0,21,0,27.1,23,4
0,22,0,25.4,24,1
0,23,0,23.4,27,0
0,0,0,21.8,31,0
0,1,0,21,34,0
0,2,0,20.2,35,0
0,3,0,19.9,53,0
0,4,0,19.2,53,0
0.33744575,5,4.12,18.6,52,0
1.69433275,6,15.13,18.9,48,0
4.19853525,7,26.64,22.1,39,0
7.612065,8,38.43,26.4,28,0
10.308078,9,50.17,29.4,21,0
12.36117,10,61.41,31,17,0
13.544005,11,70.79,32.2,15,0
13.75713,12,74.22,33.3,14,0
12.8478,13,68.56,34.1,13,0
11.3168625,14,58.41,34.8,12,4
8.27985225,15,46.96,34.4,14,0
5.487933,16,35.18,34.4,14,0
2.5503795,17,23.47,33.6,17,2
0.72106825,18,12.08,32.1,22,8
0.03907275,19,1.26,30.4,26,1
0,20,0,28.5,29,0
0,21,0,27.2,31,0
0,22,0,25.8,35,0
0,23,0,24.6,39,0
0,0,0,24.3,40,0
0,1,0,23.7,42,6
0,2,0,22.6,46,23
0,3,0,20.2,52,20
0,4,0,19.2,56,30
0.16339475,5,4.17,18.4,60,31
1.463449,6,15.17,19.2,61,30
3.04411575,7,26.67,21,52,48
4.05290075,8,38.46,22.3,49,68
4.5253245,9,50.2,22.8,48,68
4.89473875,10,61.45,23.7,47,67
4.781073,11,70.87,25.3,43,46
3.37800925,12,74.34,25.3,43,56
3.07608425,13,68.67,27.3,39,54
1.7937905,14,58.51,28.8,37,44
3.92502625,15,47.06,29.3,36,34
4.44362725,16,35.28,29.4,36,34
2.113476,17,23.57,29.5,35,35
0.820526,18,12.18,28.5,38,34
0,19,1.37,27.9,40,33
0,20,0,26.7,44,30
0,21,0,25.5,47,30
0,22,0,24.5,50,30
0,23,0,23.7,54,30
0,0,0,22.9,58,30
0,1,0,22.3,61,30
0,2,0,21.7,64,32
0,3,0,21,66,44
0,4,0,20.7,68,49
0,5,4.21,20.3,71,49
0.1420825,6,15.2,20.5,73,62
0.90222325,7,26.7,21.2,67,74
1.126003,8,38.48,21.9,64,89
2.33015125,9,50.23,21.7,67,90
2.61431625,10,61.49,20.9,80,89
2.010466,11,70.94,20.2,86,90
1.32136625,12,74.45,20.4,84,86
2.415401,13,68.78,20.7,82,81
1.66946825,14,58.61,21,81,87
1.1579715,15,47.15,21.6,70,89
0.77079725,16,35.37,21.3,76,88
0.4404555,17,23.66,20.5,86,95
0.25930025,18,12.27,20.1,89,89
0,19,1.47,19.8,89,87
0,20,0,19.4,90,87
0,21,0,19.2,91,85
0,22,0,19,91,67
0,23,0,18.8,91,71
0,0,0,18.4,91,100
0,1,0,18.1,92,100
0,2,0,17.8,94,100
0,3,0,17.5,92,100
0,4,0,17.5,89,100
0,5,4.25,17.3,90,100
0.1598425,6,15.23,17.2,91,100
1.0940345,7,26.73,17.6,87,78
3.008595,8,38.5,18.6,78,68
3.0512195,9,50.25,19.5,71,94
4.06710875,10,61.52,19.5,73,100
2.63562875,11,71,19.6,74,100
0.78145325,12,74.55,18.9,80,100
5.91418,13,68.88,18.4,85,100
6.209001,14,58.7,19,84,100
5.79341025,15,47.23,20.4,74,100
5.029717,16,35.45,21.5,67,71
2.770607,17,23.75,22,64,75
0.82763,18,12.37,21.8,65,70
0,19,1.56,21,69,5
0,20,0,19.4,76,20
0,21,0,18.6,85,33
0,22,0,18.5,81,24
0,23,0,17.4,87,33
0,0,0,16.2,92,26
0,1,0,16,93,22
0,2,0,15.3,95,20
0,3,0,15.9,94,21
0,4,0,15.4,96,26
0.3871745,5,4.28,15.3,96,36
2.0317785,6,15.26,15.8,95,43
4.8840825,7,26.75,18.8,81,26
8.11290525,8,38.51,21.1,71,23
9.27087625,9,50.26,23.5,64,27
13.302465,10,61.54,25.6,58,28
12.13028425,11,71.05,27.4,53,28
12.05214,12,74.65,29,49,28
6.5855195,13,68.98,30.1,47,24
0.52215275,14,58.79,30.7,46,29
0.060385,15,47.32,30.3,49,41
2.5645875,16,35.54,29.4,52,41
0.66778725,17,23.83,28.4,57,45
0.117218,18,12.46,25.6,72,59
0,19,1.66,23,79,74
0,20,0,21.9,81,46
0,21,0,21.5,79,72
0,22,0,21.6,79,86
0,23,0,21.4,80,85
0,0,0,21.2,80,88
0,1,0,21.2,76,77
0,2,0,21.7,70,71
0,3,0,21.1,67,52
0,4,0,20.9,64,17
0.34099775,5,4.31,20.3,63,0
1.90035225,6,15.28,19.8,64,0
5.13983075,7,26.76,21.6,61,0
8.58888125,8,38.52,24.6,53,0
11.4767075,9,50.27,27.2,45,0
13.927625,10,61.56,28.8,38,0
15.01811,11,71.1,29.8,34,3
15.07139,12,74.74,30.8,31,5
14.0164275,13,69.07,31.8,28,18
11.291998,14,58.88,32.6,25,13
3.96409925,15,47.4,33.8,20,9
5.203768,16,35.62,34,19,20
2.89137725,17,23.92,33.7,22,17
0.6322665,18,12.54,32.1,30,21
0.053281,19,1.75,29.9,36,18
0,20,0,27.2,41,12
0,21,0,25.7,41,3
0,22,0,24.3,42,0
0,23,0,22.9,44,0
0,0,0,21.6,47,0
0,1,0,20.8,50,0
0,2,0,22.1,42,0
0,3,0,22.8,36,0
0,4,0,22.6,36,0
0.35165375,5,4.33,17.4,59,0
1.92521625,6,15.29,16.8,70,0
5.15403925,7,26.77,20.3,68,0
8.85528675,8,38.52,24.4,37,0
11.9171625,9,50.28,25.5,32,0
14.3148,10,61.58,26.5,31,0
15.56868,11,71.14,27.5,31,0
15.6787925,12,74.82,28.4,30,0
14.886685,13,69.16,29.1,29,0
13.08579,14,58.96,29.6,28,0
10.27610975,15,47.48,29.4,27,0
6.667217,16,35.7,29.1,29,0
3.01925125,17,24,28.5,30,0
0.816974,18,12.62,27.5,34,1
0.053281,19,1.83,26,40,1
0,20,0,24.4,44,0
0,21,0,22.7,52,1
0,22,0,21.2,58,8
0,23,0,20.2,60,23
0,0,0,19.4,62,27
0,1,0,18.2,67,29
0,2,0,17.3,71,30
0,3,0,16.9,73,30
0,4,0,16.4,75,29
0.5683295,5,4.35,16,78,29
2.14189225,6,15.3,16.4,81,30
4.83080175,7,26.78,20.5,66,29
7.45932625,8,38.52,24,48,30
9.54793775,9,50.28,26,42,29
11.6472075,10,61.59,27.7,37,26
14.7197375,11,71.18,29.2,34,22
15.12112,12,74.9,30.3,31,19
15.02166,13,69.25,31,29,14
11.4021125,14,59.04,31.5,28,14
9.9777355,15,47.56,31.3,26,14
6.38660425,16,35.78,31.4,26,15
3.019251,17,24.07,30.9,27,19
0.87735875,18,12.7,30,30,16
0.07459325,19,1.91,28.4,35,2
0,20,0,26.6,38,2
0,21,0,25,46,5
0,22,0,23.4,50,5
0,23,0,21.5,55,5
0,0,0,20.1,60,4
0,1,0,19,65,1
0,2,0,18.2,68,1
0,3,0,18,70,0
0,4,0,17.7,71,0
0.404935,5,4.36,17.6,73,0
1.8683835,6,15.31,18.5,71,0
4.674511,7,26.78,21.2,67,1
7.7861155,8,38.52,23.7,51,1
10.6455235,9,50.28,25.4,47,4
12.65954,10,61.6,27.1,43,3
13.3948175,11,71.21,28.8,40,2
14.1407525,12,74.97,30.2,37,2
13.2527375,13,69.33,31.4,34,1
11.16057,14,59.11,32.2,32,16
7.7257295,15,47.63,33.3,30,25
4.365482,16,35.85,33.4,28,31
2.21648525,17,24.15,33.4,27,39
0.813422,18,12.78,32.4,28,39
0,19,1.99,30.8,32,40
0,20,0,29.4,36,36
0,21,0,27.1,43,39
0,22,0,24.2,53,39
0,23,0,22.7,58,39
0,0,0,22.4,62,35
0,1,0,21.9,64,30
0,2,0,21.7,66,29
0,3,0,22,68,27
0,4,0,21.5,70,30
0.404935,5,4.37,21,74,30
1.59487475,6,15.31,21.1,77,28
3.4526025,7,26.77,23.8,66,29
7.08280775,8,38.51,26.5,52,29
8.12000825,9,50.27,28.2,45,30
11.9100575,10,61.6,29.8,41,34
12.0734525,11,71.23,31.4,38,38
11.7289,12,75.03,32.4,35,33
8.986713,13,69.4,32.6,35,34
8.457457,14,59.19,33.1,33,33
2.88782475,15,47.7,33,33,40
1.356887,16,35.92,31.3,36,42
0.600298,17,24.22,29.2,48,40
0.404935,18,12.85,28.4,52,40
0,19,2.07,27.2,58,44
0,20,0,25.3,65,56
0,21,0,24.5,68,53
0,22,0,23.7,71,47
0,23,0,22.8,75,44
0,0,0,22.3,77,36
0,1,0,21.6,79,30
0,2,0,21.2,80,30
0,3,0,20.3,88,31
0,4,0,19.8,90,22
0.3907265,5,4.37,19.5,90,20
1.65526025,6,15.31,20,87,27
3.99251525,7,26.77,22.4,76,28
4.8165935,8,38.5,25.5,60,32
6.19479275,9,50.26,26.9,53,29
5.3884755,10,61.59,28,48,21
6.1805845,11,71.25,29.5,43,7
5.796962,12,75.09,30.6,40,8
11.6791725,13,69.47,31.3,38,20
4.85566475,14,59.26,31.6,37,28
3.68348625,15,47.77,30.5,40,31
1.3888555,16,35.99,29.4,44,27
0,17,24.29,27.6,54,23
0.337446,18,12.92,27.2,56,24
0.16339475,19,2.14,26.7,59,17
0,20,0,25.6,64,5
0,21,0,24.2,71,0
0,22,0,22.8,77,0
0,23,0,21.8,81,0
